Period,Alaska Air Group Inc Price % Change,American Airlines Group Inc Price % Change,Delta Air Lines Inc Price % Change,JetBlue Airways Corp Price % Change,Southwest Airlines Co Price % Change,United Airlines Holdings Inc Price % Change
8/14/2020 16:00,-3.33504,-2.91333,-2.32794,-1.96413,-1.10513,-1.76487
59:56.3,-3.28374,-2.91333,-2.2942,-1.87874,-1.10513,-1.81917
59:05.0,-3.23243,-2.98616,-2.22672,-1.96413,-1.1618,-1.81917
58:17.6,-3.28374,-2.98616,-2.26046,-2.04953,-1.1618,-1.84632
57:29.2,-3.25808,-2.98616,-2.26046,-2.13493,-1.21848,-1.92778
56:40.0,-3.38635,-3.05899,-2.36167,-2.13493,-1.24681,-1.98208
55:51.3,-3.38635,-3.13183,-2.39541,-2.13493,-1.30349,-1.92778
55:04.2,-3.51462,-3.05899,-2.49663,-2.13493,-1.33182,-1.98208
54:11.2,-3.54028,-3.20466,-2.49663,-2.22032,-1.3885,-2.06354
53:20.4,-3.56593,-3.20466,-2.59784,-2.30572,-1.47351,-2.17214
52:33.3,-3.56593,-3.20466,-2.59784,-2.30572,-1.47351,-2.17214
51:45.5,-3.56593,-3.20466,-2.63158,-2.30572,-1.50184,-2.17214
50:54.6,-3.61724,-3.27749,-2.76653,-2.47652,-1.55852,-2.22645
50:03.3,-3.41201,-3.05899,-2.66532,-2.22032,-1.47351,-2.17214
49:17.0,-3.41201,-3.05899,-2.66532,-2.22032,-1.47351,-2.17214
48:27.8,-3.30939,-2.98616,-2.63158,-2.13493,-1.3885,-1.98208
47:38.1,-3.30939,-2.98616,-2.63158,-2.13493,-1.33182,-1.95493
46:49.3,-3.23243,-2.98616,-2.5641,-2.13493,-1.33182,-1.87347
45:59.8,-3.12981,-2.8405,-2.49663,-2.13493,-1.19014,-1.81917
45:09.3,-3.12981,-2.8405,-2.49663,-2.13493,-1.19014,-1.81917
44:17.6,-3.10416,-2.91333,-2.49663,-2.04953,-1.21848,-1.71056
43:28.4,-3.38635,-2.98616,-2.66532,-2.13493,-1.41683,-1.92778
42:39.6,-3.41201,-2.98616,-2.63158,-2.13493,-1.47351,-1.90062
41:48.8,-3.41201,-2.98616,-2.63158,-2.13493,-1.44517,-1.92778
40:57.5,-3.30939,-2.98616,-2.5641,-2.13493,-1.44517,-1.79202
40:10.5,-3.30939,-2.98616,-2.5641,-2.13493,-1.44517,-1.79202
39:19.2,-3.3607,-3.05899,-2.49663,-2.13493,-1.41683,-1.76487
38:28.7,-3.33504,-3.05899,-2.53036,-2.22032,-1.44517,-1.76487
37:41.1,-3.38635,-3.13183,-2.53036,-2.13493,-1.44517,-1.73771
36:51.9,-3.38635,-3.05899,-2.53036,-2.13493,-1.41683,-1.71056
36:00.5,-3.30939,-2.98616,-2.42915,-2.13493,-1.36016,-1.62911
35:07.9,-3.20677,-2.98616,-2.36167,-1.96413,-1.33182,-1.4662
34:20.1,-3.20677,-2.98616,-2.36167,-1.96413,-1.33182,-1.4662
33:29.3,-3.28374,-2.98616,-2.42915,-2.13493,-1.33182,-1.5748
32:39.3,-3.18112,-2.98616,-2.39541,-2.04953,-1.27515,-1.5205
31:48.9,-3.38635,-3.27749,-2.5641,-2.22032,-1.33182,-1.87347
31:01.7,-3.38635,-3.27749,-2.53036,-2.13493,-1.36016,-1.84632
30:10.3,-3.3607,-3.27749,-2.49663,-2.22032,-1.36016,-1.81917
29:19.6,-3.33504,-3.27749,-2.49663,-2.22032,-1.3885,-1.87347
28:32.1,-3.33504,-3.27749,-2.49663,-2.22032,-1.41683,-1.84632
27:44.1,-3.48897,-3.42316,-2.63158,-2.30572,-1.53018,-2.00923
26:53.2,-3.48897,-3.42316,-2.63158,-2.30572,-1.53018,-2.00923
25:59.8,-3.43766,-3.42316,-2.63158,-2.30572,-1.44517,-1.95493
25:10.0,-3.46331,-3.42316,-2.59784,-2.22032,-1.44517,-2.00923
24:19.2,-3.46331,-3.42316,-2.59784,-2.22032,-1.44517,-1.98208
23:25.4,-3.3607,-3.27749,-2.53036,-2.22032,-1.36016,-1.92778
22:34.2,-3.30939,-3.35033,-2.59784,-2.22032,-1.3885,-1.92778
21:43.7,-3.28374,-3.35033,-2.53036,-2.22032,-1.36016,-1.95493
20:52.3,-3.30939,-3.42316,-2.5641,-2.30572,-1.3885,-1.98208
19:57.5,-3.38635,-3.42316,-2.63158,-2.30572,-1.41683,-2.03638
19:02.7,-3.38635,-3.42316,-2.5641,-2.30572,-1.33182,-2.06354
18:09.1,-3.33504,-3.42316,-2.59784,-2.22032,-1.36016,-2.06354
17:17.9,-3.43766,-3.49599,-2.63158,-2.22032,-1.44517,-2.17214
15:20.5,-3.46331,-3.49599,-2.5641,-2.22032,-1.3885,-2.14499
14:29.1,-3.43766,-3.49599,-2.5641,-2.13493,-1.36016,-2.09069
13:37.2,-3.46331,-3.42316,-2.5641,-2.13493,-1.33182,-2.06354
12:48.9,-3.33504,-3.42316,-2.53036,-2.13493,-1.33182,-2.09069
11:57.8,-3.33504,-3.42316,-2.49663,-2.04953,-1.30349,-2.00923
11:07.1,-3.33504,-3.42316,-2.49663,-2.04953,-1.30349,-2.00923
10:11.2,-3.12981,-3.35033,-2.42915,-1.96413,-1.21848,-1.98208
09:19.5,-3.12981,-3.42316,-2.39541,-1.96413,-1.21848,-1.92778
07:31.2,-3.10416,-3.27749,-2.36167,-1.96413,-1.21848,-1.87347
05:07.2,-3.12981,-3.27749,-2.36167,-1.96413,-1.19014,-2.03638
02:47.2,-3.15546,-3.35033,-2.42915,-1.96413,-1.21848,-1.90062
00:15.3,-3.15546,-3.27749,-2.2942,-1.96413,-1.1618,-1.84632
57:36.5,-3.25808,-3.27749,-2.32794,-1.96413,-1.21848,-1.84632
54:46.2,-3.20677,-3.27749,-2.42915,-2.04953,-1.21848,-2.06354
51:30.1,-3.25808,-3.20466,-2.36167,-1.96413,-1.21848,-2.06354
48:44.7,-3.38635,-3.42316,-2.53036,-2.13493,-1.41683,-2.2536
46:11.6,-3.41201,-3.42316,-2.53036,-1.96413,-1.41683,-2.22645
43:31.9,-3.25808,-3.20466,-2.32794,-1.87874,-1.27515,-2.00923
41:22.9,-3.10416,-3.05899,-2.22672,-1.96413,-1.24681,-1.95493
39:22.9,-3.10416,-2.98616,-2.26046,-1.87874,-1.3885,-2.00923
37:23.4,-3.0785,-2.98616,-2.26046,-1.96413,-1.33182,-1.98208
35:45.5,-3.00154,-2.8405,-2.19298,-1.96413,-1.27515,-1.90062
34:28.3,-3.00154,-2.98616,-2.22672,-1.96413,-1.24681,-1.90062
33:20.0,-2.97589,-2.98616,-2.15924,-1.96413,-1.21848,-1.87347
32:15.4,-2.97589,-2.98616,-2.15924,-1.96413,-1.21848,-1.87347
31:18.5,-3.10416,-3.13183,-2.22672,-1.96413,-1.33182,-1.98208
30:29.5,-3.05285,-3.05899,-2.19298,-1.96413,-1.24681,-1.90062
29:40.2,-3.05285,-2.98616,-2.15924,-1.96413,-1.24681,-1.87347
28:51.1,-3.05285,-2.98616,-2.15924,-1.96413,-1.24681,-1.87347
28:02.0,-3.02719,-2.98616,-2.12551,-1.96413,-1.21848,-1.81917
27:14.9,-3.02719,-2.98616,-2.09177,-1.96413,-1.21848,-1.84632
26:18.6,-3.05285,-3.13183,-2.12551,-1.96413,-1.27515,-1.90062
25:28.7,-3.05285,-3.13183,-2.12551,-1.96413,-1.30349,-1.92778
24:39.2,-3.05285,-3.13183,-2.12551,-1.96413,-1.30349,-1.92778
23:52.2,-3.00154,-3.13183,-2.12551,-1.96413,-1.30349,-1.92778
23:00.1,-2.89892,-2.98616,-2.05803,-1.87874,-1.24681,-1.84632
22:08.5,-2.89892,-2.98616,-2.05803,-1.87874,-1.24681,-1.84632
21:18.4,-2.92458,-3.05899,-2.02429,-1.87874,-1.21848,-1.79202
20:31.6,-3.00154,-3.05899,-2.09177,-1.87874,-1.21848,-1.79202
19:41.4,-2.89892,-3.05899,-2.12551,-1.87874,-1.21848,-1.84632
18:50.1,-2.89892,-3.05899,-2.12551,-1.87874,-1.21848,-1.84632
17:59.6,-2.89892,-3.05899,-2.09177,-1.87874,-1.21848,-1.76487
17:09.4,-2.89892,-2.98616,-2.05803,-1.87874,-1.19014,-1.71056
16:17.7,-2.95023,-2.98616,-2.05803,-1.87874,-1.1618,-1.71056
14:52.3,-2.97589,-3.13183,-2.15924,-1.87874,-1.19014,-1.81917
14:04.7,-2.97589,-2.98616,-2.12551,-1.87874,-1.13347,-1.76487
13:15.6,-2.97589,-2.91333,-2.12551,-1.79334,-1.10513,-1.73771
12:27.4,-2.97589,-2.98616,-2.19298,-1.79334,-1.1618,-1.84632
11:40.2,-3.02719,-2.91333,-2.12551,-1.70794,-1.10513,-1.71056
10:49.9,-3.02719,-2.91333,-2.09177,-1.79334,-1.07679,-1.68341
10:00.3,-3.02719,-2.91333,-2.09177,-1.79334,-1.07679,-1.68341
09:10.8,-2.89892,-2.8405,-2.05803,-1.70794,-1.07679,-1.71056
08:23.2,-2.82196,-2.8405,-2.09177,-1.70794,-1.02012,-1.65626
07:33.1,-2.79631,-2.76766,-2.09177,-1.70794,-0.99178,-1.62911
06:41.9,-2.745,-2.76766,-2.02429,-1.70794,-1.07679,-1.54765
05:54.4,-2.61673,-2.622,-1.95682,-1.70794,-1.02012,-1.43904
05:05.5,-2.61673,-2.622,-1.92308,-1.70794,-0.99178,-1.4662
04:16.6,-2.61673,-2.622,-1.92308,-1.70794,-0.99178,-1.4662
03:25.5,-2.77065,-2.76766,-1.95682,-1.79334,-0.99178,-1.4662
02:38.9,-2.745,-2.8405,-1.95682,-1.79334,-1.02012,-1.60195
01:47.7,-2.745,-2.76766,-1.92308,-1.79334,-0.99178,-1.54765
00:57.7,-2.64238,-2.76766,-1.95682,-1.79334,-0.96345,-1.5205
00:07.2,-2.53976,-2.622,-1.82186,-1.45175,-0.79343,-1.41189
59:19.5,-2.53976,-2.622,-1.82186,-1.45175,-0.79343,-1.41189
58:28.7,-2.56542,-2.54916,-1.78812,-1.53715,-0.73675,-1.24898
57:37.1,-2.56542,-2.54916,-1.78812,-1.53715,-0.73675,-1.24898
56:47.2,-2.56542,-2.54916,-1.68691,-1.45175,-0.73675,-1.24898
55:58.8,-2.4628,-2.4035,-1.5857,-1.45175,-0.62341,-1.11322
55:08.8,-2.4628,-2.33066,-1.5857,-1.53715,-0.68008,-1.14037
54:20.4,-2.41149,-2.33066,-1.55196,-1.53715,-0.62341,-1.03177
53:33.8,-2.41149,-2.33066,-1.55196,-1.53715,-0.62341,-1.03177
52:41.8,-2.69369,-2.69483,-1.78812,-1.62254,-0.79343,-1.27613
51:51.6,-2.69369,-2.69483,-1.8556,-1.70794,-0.8501,-1.41189
51:04.4,-2.69369,-2.76766,-1.88934,-1.70794,-0.87844,-1.43904
50:16.5,-2.69369,-2.76766,-1.88934,-1.70794,-0.87844,-1.43904
49:25.2,-2.66803,-2.76766,-1.82186,-1.70794,-0.87844,-1.38474
48:33.7,-2.77065,-2.8405,-1.88934,-1.79334,-0.93511,-1.43904
47:47.0,-2.79631,-2.91333,-1.95682,-1.79334,-0.99178,-1.49335
46:56.8,-2.84761,-2.8405,-1.95682,-1.79334,-0.99178,-1.49335
46:06.8,-2.82196,-2.98616,-1.99055,-1.79334,-1.02012,-1.54765
45:18.6,-2.82196,-2.8405,-2.02429,-1.70794,-1.04846,-1.43904
44:31.1,-2.82196,-2.8405,-2.02429,-1.70794,-1.04846,-1.43904
43:41.2,-3.00154,-2.69483,-1.99055,-1.79334,-1.02012,-1.35759
42:49.9,-3.00154,-2.69483,-1.95682,-1.79334,-0.96345,-1.41189
42:02.5,-3.00154,-2.91333,-2.05803,-1.87874,-1.10513,-1.5748
41:13.0,-3.05285,-2.98616,-2.15924,-1.96413,-1.1618,-1.71056
40:23.8,-3.12981,-3.05899,-2.22672,-1.96413,-1.1618,-1.68341
39:34.7,-3.10416,-2.98616,-2.15924,-1.87874,-1.13347,-1.5205
38:48.1,-3.10416,-2.98616,-2.15924,-1.87874,-1.13347,-1.5205
37:56.4,-3.10416,-3.13183,-2.2942,-2.04953,-1.24681,-1.76487
37:06.3,-3.05285,-3.13183,-2.32794,-2.04953,-1.24681,-1.79202
36:19.2,-3.05285,-3.13183,-2.32794,-2.04953,-1.24681,-1.79202
35:28.3,-3.10416,-3.20466,-2.36167,-2.04953,-1.27515,-1.79202
34:33.4,-3.10416,-3.20466,-2.36167,-2.04953,-1.27515,-1.79202
33:39.9,-3.15546,-3.20466,-2.42915,-2.22032,-1.30349,-1.81917
32:47.8,-3.23243,-3.20466,-2.46289,-2.30572,-1.3885,-1.95493
31:57.1,-3.20677,-3.20466,-2.46289,-2.30572,-1.3885,-1.92778
31:04.4,-3.33504,-3.35033,-2.49663,-2.30572,-1.44517,-2.09069
30:03.7,-3.33504,-3.35033,-2.49663,-2.30572,-1.41683,-2.11784
29:09.9,-3.33504,-3.35033,-2.49663,-2.30572,-1.3885,-2.17214
28:19.0,-3.54028,-3.27749,-2.46289,-2.30572,-1.44517,-2.14499
27:28.2,-3.54028,-3.42316,-2.63158,-2.47652,-1.50184,-2.2536
26:34.0,-3.54028,-3.42316,-2.63158,-2.47652,-1.55852,-2.38936
25:39.2,-3.64289,-3.49599,-2.69906,-2.56191,-1.55852,-2.3079
24:48.6,-3.64289,-3.49599,-2.63158,-2.56191,-1.58685,-2.2536
23:58.8,-3.64289,-3.49599,-2.63158,-2.56191,-1.58685,-2.2536
22:57.7,-3.79682,-3.49599,-2.69906,-2.64731,-1.67186,-2.38936
22:01.7,-3.79682,-3.64166,-2.76653,-2.64731,-1.75687,-2.49796
21:06.6,-3.79682,-3.71449,-2.80027,-2.64731,-1.78521,-2.49796
20:11.0,-3.66855,-3.56883,-2.66532,-2.64731,-1.67186,-2.28075
19:02.8,-3.51462,-3.42316,-2.5641,-2.39112,-1.53018,-2.19929
17:07.8,-3.48897,-3.42316,-2.49663,-2.39112,-1.55852,-2.11784
13:42.8,-3.41201,-3.27749,-2.46289,-2.30572,-1.44517,-2.09069
11:23.1,-3.25808,-3.13183,-2.32794,-2.30572,-1.30349,-1.81917
08:56.0,-3.46331,-3.35033,-2.5641,-2.47652,-1.47351,-2.22645
06:41.6,-3.43766,-3.42316,-2.59784,-2.47652,-1.44517,-2.22645
04:46.7,-3.54028,-3.42316,-2.53036,-2.47652,-1.44517,-2.17214
02:26.2,-3.77116,-3.64166,-2.76653,-2.73271,-1.72853,-2.52512
00:08.3,-3.89944,-3.71449,-2.83401,-2.8181,-1.78521,-2.63372
58:06.2,-3.92509,-3.71449,-2.86775,-2.9035,-1.81354,-2.68803
56:11.8,-3.79682,-3.71449,-2.83401,-2.73271,-1.75687,-2.60657
54:05.0,-3.61724,-3.71449,-2.80027,-2.73271,-1.67186,-2.52512
51:40.8,-3.64289,-3.56883,-2.90148,-2.73271,-1.64353,-2.60657
49:35.4,-3.59159,-3.56883,-2.80027,-2.73271,-1.61519,-2.55227
47:36.0,-3.59159,-3.71449,-2.76653,-2.73271,-1.58685,-2.52512
45:26.7,-3.64289,-3.71449,-2.69906,-2.73271,-1.61519,-2.41651
43:36.0,-3.66855,-3.64166,-2.80027,-2.64731,-1.58685,-2.44366
41:36.5,-3.38635,-3.49599,-2.59784,-2.47652,-1.44517,-2.3079
39:53.4,-3.33504,-3.49599,-2.5641,-2.39112,-1.3885,-2.14499
38:28.8,-3.23243,-3.35033,-2.46289,-2.30572,-1.36016,-2.09069
37:04.5,-3.23243,-3.20466,-2.42915,-2.30572,-1.33182,-1.98208
35:42.5,-3.20677,-3.20466,-2.39541,-2.30572,-1.36016,-1.84632
34:20.1,-3.30939,-3.35033,-2.49663,-2.30572,-1.44517,-2.09069
33:09.1,-3.25808,-3.27749,-2.46289,-2.30572,-1.41683,-2.00923
31:59.6,-3.28374,-3.27749,-2.46289,-2.22032,-1.44517,-1.98208
30:51.7,-3.15546,-2.98616,-2.32794,-2.13493,-1.3885,-1.79202
29:50.1,-3.10416,-2.91333,-2.26046,-2.13493,-1.33182,-1.73771
28:49.2,-3.05285,-2.91333,-2.22672,-2.04953,-1.33182,-1.71056
27:45.5,-3.05285,-2.91333,-2.26046,-2.04953,-1.33182,-1.73771
26:48.5,-3.05285,-2.8405,-2.26046,-2.13493,-1.36016,-1.71056
25:56.7,-3.15546,-2.91333,-2.2942,-2.13493,-1.41683,-1.76487
25:02.9,-3.20677,-2.91333,-2.22672,-2.13493,-1.33182,-1.73771
24:09.9,-3.20677,-2.91333,-2.2942,-2.13493,-1.36016,-1.79202
23:11.5,-3.15546,-2.76766,-2.22672,-1.96413,-1.27515,-1.60195
22:18.1,-2.89892,-2.622,-2.09177,-1.96413,-1.10513,-1.49335
21:30.8,-2.89892,-2.69483,-2.09177,-1.96413,-1.10513,-1.5205
20:36.8,-2.89892,-2.69483,-2.12551,-1.96413,-1.10513,-1.5205
19:45.4,-2.89892,-2.69483,-2.15924,-1.96413,-1.10513,-1.5205
18:54.2,-2.89892,-2.622,-2.15924,-1.87874,-1.10513,-1.5748
17:56.4,-2.84761,-2.622,-2.09177,-1.87874,-1.07679,-1.5205
17:07.0,-3.02719,-2.76766,-2.26046,-1.96413,-1.07679,-1.60195
16:14.4,-3.0785,-2.8405,-2.32794,-2.13493,-1.21848,-1.79202
14:53.4,-3.0785,-2.8405,-2.32794,-2.13493,-1.19014,-1.73771
13:56.2,-3.0785,-2.8405,-2.32794,-2.13493,-1.19014,-1.73771
12:59.1,-3.0785,-2.76766,-2.32794,-2.13493,-1.21848,-1.65626
12:03.0,-2.97589,-2.91333,-2.36167,-2.22032,-1.30349,-1.79202
11:12.6,-2.97589,-2.76766,-2.26046,-2.04953,-1.27515,-1.5748
10:14.2,-3.00154,-2.76766,-2.22672,-2.13493,-1.21848,-1.62911
09:16.5,-3.00154,-2.76766,-2.2942,-2.13493,-1.21848,-1.65626
08:24.6,-3.0785,-2.8405,-2.2942,-2.13493,-1.24681,-1.54765
07:27.5,-3.0785,-2.8405,-2.2942,-2.22032,-1.19014,-1.54765
06:29.3,-2.89892,-2.54916,-2.12551,-2.04953,-1.04846,-1.33044
05:31.9,-2.89892,-2.4035,-2.09177,-2.04953,-1.02012,-1.22183
04:39.6,-2.87327,-2.4035,-2.02429,-1.96413,-0.99178,-1.16753
03:42.2,-2.87327,-2.4035,-1.92308,-1.96413,-0.93511,-1.14037
02:49.3,-2.87327,-2.4035,-2.02429,-2.04953,-0.93511,-1.22183
01:58.3,-2.82196,-2.4035,-1.95682,-2.04953,-0.90677,-1.08607
01:04.7,-2.92458,-2.4035,-2.09177,-2.04953,-1.04846,-1.14037
00:13.0,-2.89892,-2.4035,-2.12551,-2.04953,-1.04846,-1.19468
59:17.4,-3.00154,-2.54916,-2.15924,-2.13493,-1.10513,-1.22183
58:29.0,-3.12981,-2.622,-2.22672,-2.22032,-1.1618,-1.33044
57:38.9,-3.12981,-2.622,-2.26046,-2.22032,-1.21848,-1.35759
56:46.5,-3.12981,-2.54916,-2.26046,-2.22032,-1.24681,-1.30329
55:54.0,-3.05285,-2.69483,-2.32794,-2.30572,-1.27515,-1.43904
55:05.3,-3.05285,-2.69483,-2.32794,-2.30572,-1.24681,-1.38474
54:16.1,-2.89892,-2.54916,-2.22672,-2.13493,-1.21848,-1.16753
53:24.3,-2.87327,-2.47633,-2.22672,-2.13493,-1.21848,-1.16753
52:31.1,-2.89892,-2.47633,-2.19298,-2.13493,-1.13347,-1.11322
51:42.6,-2.89892,-2.4035,-2.19298,-2.13493,-1.10513,-1.03177
50:55.4,-2.89892,-2.4035,-2.19298,-2.13493,-1.10513,-1.03177
50:04.3,-2.97589,-2.54916,-2.2942,-2.30572,-1.24681,-1.22183
49:14.2,-2.97589,-2.54916,-2.2942,-2.30572,-1.24681,-1.22183
48:26.8,-2.95023,-2.47633,-2.2942,-2.13493,-1.1618,-1.14037
47:36.8,-2.745,-2.4035,-2.19298,-2.13493,-1.10513,-1.11322
46:49.2,-2.745,-2.33066,-2.12551,-2.04953,-0.96345,-1.03177
46:01.8,-2.745,-2.33066,-2.12551,-2.04953,-0.96345,-1.03177
45:13.8,-2.745,-2.25783,-2.12551,-2.04953,-1.04846,-0.95031
44:24.9,-2.84761,-2.47633,-2.19298,-2.22032,-1.07679,-1.00462
43:36.7,-2.84761,-2.47633,-2.19298,-2.22032,-1.07679,-1.00462
42:48.2,-2.82196,-2.4035,-2.19298,-2.13493,-1.02012,-0.95031
42:02.4,-2.82196,-2.4035,-2.19298,-2.04953,-0.99178,-1.00462
41:13.2,-2.84761,-2.25783,-2.12551,-2.04953,-0.99178,-0.7331
40:24.4,-2.84761,-2.25783,-2.12551,-2.04953,-0.99178,-0.7331
39:36.4,-3.02719,-2.4035,-2.19298,-1.96413,-1.07679,-1.08607
38:48.2,-3.0785,-2.54916,-2.32794,-2.22032,-1.19014,-1.27613
37:59.4,-3.0785,-2.54916,-2.32794,-2.22032,-1.19014,-1.27613
37:10.0,-3.12981,-2.69483,-2.36167,-2.22032,-1.27515,-1.35759
36:23.5,-3.12981,-2.69483,-2.36167,-2.22032,-1.27515,-1.35759
35:34.2,-3.15546,-2.54916,-2.32794,-2.22032,-1.24681,-1.22183
34:44.5,-3.02719,-2.622,-2.36167,-2.22032,-1.27515,-1.19468
33:59.1,-3.02719,-2.622,-2.36167,-2.22032,-1.27515,-1.19468
33:09.3,-3.02719,-2.622,-2.36167,-2.30572,-1.24681,-1.19468
32:20.8,-2.97589,-2.47633,-2.32794,-2.04953,-1.1618,-1.14037
31:31.0,-2.79631,-2.33066,-2.26046,-2.04953,-1.1618,-1.03177
30:44.0,-2.79631,-2.33066,-2.26046,-2.04953,-1.1618,-1.03177
29:54.0,-2.79631,-2.4035,-2.2942,-2.13493,-1.21848,-1.19468
29:02.1,-2.79631,-2.25783,-2.22672,-2.04953,-1.21848,-1.03177
28:12.2,-2.79631,-2.25783,-2.19298,-1.96413,-1.1618,-0.95031
27:22.4,-2.79631,-2.33066,-2.12551,-1.96413,-1.1618,-0.95031
26:29.7,-2.95023,-2.4035,-2.26046,-2.13493,-1.21848,-1.08607
25:36.8,-2.95023,-2.25783,-2.2942,-2.13493,-1.21848,-1.08607
24:47.4,-2.95023,-2.25783,-2.22672,-2.13493,-1.24681,-1.16753
23:56.8,-2.95023,-2.25783,-2.19298,-2.13493,-1.21848,-1.14037
23:01.7,-2.95023,-2.25783,-2.19298,-2.13493,-1.21848,-1.03177
22:08.6,-2.84761,-1.9665,-2.05803,-2.04953,-1.1618,-0.89601
21:19.7,-2.84761,-2.11216,-2.12551,-2.04953,-1.10513,-1.03177
20:29.4,-2.84761,-2.03933,-2.09177,-2.04953,-1.10513,-1.00462
19:36.9,-2.77065,-2.03933,-2.05803,-1.96413,-1.07679,-0.97746
18:42.9,-3.12981,-2.47633,-2.2942,-2.22032,-1.30349,-1.24898
17:56.1,-3.12981,-2.54916,-2.36167,-2.30572,-1.41683,-1.33044
17:06.2,-3.23243,-2.622,-2.42915,-2.39112,-1.41683,-1.5205
16:05.2,-3.33504,-2.8405,-2.63158,-2.56191,-1.55852,-1.60195
14:33.8,-3.33504,-2.69483,-2.5641,-2.47652,-1.50184,-1.5205
13:46.9,-3.33504,-2.76766,-2.63158,-2.56191,-1.61519,-1.65626
12:56.1,-3.41201,-2.69483,-2.59784,-2.56191,-1.55852,-1.62911
12:05.5,-3.41201,-2.8405,-2.69906,-2.56191,-1.58685,-1.73771
11:16.8,-3.51462,-2.69483,-2.5641,-2.56191,-1.50184,-1.54765
10:27.1,-3.33504,-2.622,-2.5641,-2.47652,-1.44517,-1.68341
09:38.3,-3.33504,-2.622,-2.49663,-2.47652,-1.3885,-1.62911
08:51.2,-3.33504,-2.47633,-2.46289,-2.47652,-1.30349,-1.5748
08:04.1,-3.33504,-2.47633,-2.46289,-2.47652,-1.30349,-1.5748
07:14.3,-3.41201,-2.54916,-2.69906,-2.56191,-1.36016,-1.84632
06:25.0,-3.41201,-2.54916,-2.69906,-2.56191,-1.36016,-1.84632
05:38.2,-3.41201,-2.622,-2.66532,-2.56191,-1.3885,-1.98208
04:48.9,-3.28374,-2.47633,-2.53036,-2.56191,-1.33182,-1.73771
04:00.9,-3.28374,-2.47633,-2.53036,-2.56191,-1.33182,-1.73771
03:12.8,-3.33504,-2.47633,-2.53036,-2.56191,-1.3885,-1.76487
02:26.5,-3.33504,-2.4035,-2.46289,-2.47652,-1.36016,-1.62911
01:37.2,-3.33504,-2.47633,-2.42915,-2.47652,-1.44517,-1.62911
00:48.8,-3.23243,-2.4035,-2.53036,-2.47652,-1.44517,-1.79202
00:02.9,-3.23243,-2.4035,-2.53036,-2.47652,-1.44517,-1.79202
59:14.0,-3.33504,-2.25783,-2.49663,-2.39112,-1.3885,-1.4662
58:26.2,-3.23243,-2.33066,-2.42915,-2.39112,-1.30349,-1.54765
57:38.4,-3.23243,-2.69483,-2.73279,-2.56191,-1.55852,-1.79202
56:51.1,-3.23243,-2.69483,-2.73279,-2.56191,-1.55852,-1.79202
56:03.0,-3.23243,-2.622,-2.63158,-2.56191,-1.50184,-1.76487
55:15.9,-3.33504,-2.8405,-2.80027,-2.47652,-1.64353,-1.98208
54:29.2,-3.54028,-2.98616,-2.90148,-2.47652,-1.72853,-2.06354
53:40.6,-3.51462,-2.8405,-2.80027,-2.47652,-1.61519,-1.98208
52:50.7,-3.43766,-2.54916,-2.69906,-2.30572,-1.50184,-1.76487
52:04.7,-3.38635,-2.4035,-2.5641,-2.39112,-1.41683,-1.5205
51:15.9,-3.30939,-2.4035,-2.5641,-2.13493,-1.44517,-1.62911
50:26.7,-3.05285,-2.25783,-2.39541,-2.04953,-1.30349,-1.49335
49:40.5,-3.10416,-2.33066,-2.46289,-2.22032,-1.24681,-1.68341
48:53.3,-3.33504,-2.33066,-2.39541,-2.22032,-1.27515,-1.60195
48:04.5,-3.15546,-2.185,-2.32794,-2.22032,-1.27515,-1.5748
47:17.0,-3.38635,-2.25783,-2.39541,-2.39112,-1.3885,-1.71056
46:31.8,-3.38635,-2.69483,-2.59784,-2.56191,-1.44517,-1.92778
45:41.3,-3.38635,-2.69483,-2.59784,-2.56191,-1.41683,-1.98208
44:51.9,-3.56593,-2.8405,-2.69906,-2.64731,-1.53018,-2.22645
44:05.6,-3.46331,-2.8405,-2.63158,-2.64731,-1.44517,-2.09069
43:17.9,-3.51462,-2.8405,-2.69906,-2.56191,-1.3885,-2.06354
42:30.2,-3.46331,-2.69483,-2.53036,-2.56191,-1.24681,-1.90062
41:43.4,-3.3607,-2.69483,-2.59784,-2.56191,-1.3885,-2.03638
40:56.6,-3.3607,-2.54916,-2.5641,-2.39112,-1.44517,-1.92778
40:08.2,-3.3607,-2.33066,-2.39541,-2.22032,-1.30349,-1.71056
39:18.4,-3.02719,-2.25783,-2.32794,-2.04953,-1.24681,-1.71056
38:33.0,-3.02719,-2.25783,-2.32794,-2.04953,-1.24681,-1.71056
37:44.3,-3.02719,-2.03933,-2.19298,-1.96413,-0.99178,-1.49335
36:53.8,-3.18112,-2.33066,-2.32794,-2.13493,-0.99178,-1.71056
36:07.7,-3.18112,-2.33066,-2.32794,-2.13493,-0.99178,-1.71056
35:21.4,-2.92458,-2.25783,-2.36167,-2.13493,-0.96345,-1.62911
34:32.5,-2.77065,-1.748,-2.02429,-1.87874,-0.62341,-1.05892
33:43.4,-2.89892,-1.9665,-2.12551,-2.04953,-0.76509,-1.22183
32:57.6,-2.89892,-1.9665,-2.12551,-2.04953,-0.76509,-1.22183
32:08.3,-2.82196,-1.89366,-2.15924,-1.96413,-0.68008,-1.35759
31:17.4,-2.66803,-1.38383,-1.8556,-1.79334,-0.62341,-0.84171
30:31.4,-2.79631,-1.38383,-1.92308,-1.96413,-0.93511,-0.95031
29:44.3,-2.89892,-1.82083,-2.09177,-2.22032,-1.24681,-1.19468
28:55.6,-2.89892,-1.82083,-2.09177,-2.22032,-1.24681,-1.19468
28:08.3,-3.00154,-1.67516,-2.05803,-2.22032,-1.21848,-1.41189
27:23.0,-3.12981,-2.11216,-2.22672,-2.30572,-1.30349,-1.68341
26:34.4,-3.00154,-1.82083,-2.02429,-2.04953,-1.10513,-1.4662
25:45.8,-3.05285,-1.748,-2.02429,-2.04953,-0.99178,-1.33044
25:00.3,-3.05285,-1.748,-2.02429,-2.04953,-0.99178,-1.33044
24:13.0,-3.3607,-2.25783,-2.22672,-2.47652,-1.13347,-1.68341
23:25.8,-3.3607,-2.25783,-2.22672,-2.47652,-1.13347,-1.68341
22:36.8,-3.71986,-2.622,-2.53036,-2.73271,-1.47351,-2.11784
21:50.8,-3.71986,-2.622,-2.53036,-2.73271,-1.44517,-2.03638
21:02.5,-3.79682,-2.54916,-2.46289,-2.64731,-1.36016,-1.95493
20:14.4,-3.6942,-2.76766,-2.46289,-2.56191,-1.44517,-2.06354
19:28.3,-3.66855,-2.47633,-2.42915,-2.47652,-1.53018,-1.90062
18:39.4,-3.82247,-2.76766,-2.59784,-2.73271,-1.55852,-2.03638
17:49.5,-3.82247,-2.76766,-2.59784,-2.73271,-1.55852,-2.03638
17:01.6,-4.23294,-3.27749,-2.90148,-2.9889,-1.84188,-2.2536
16:15.8,-4.23294,-3.56883,-3.17139,-3.15969,-1.87022,-2.66087
15:27.2,-4.15598,-3.64166,-3.20513,-3.15969,-1.89855,-2.82378
14:41.7,-4.15598,-3.64166,-3.20513,-3.15969,-1.89855,-2.82378
13:53.7,-4.15598,-3.20466,-3.10391,-2.9889,-1.95523,-2.47081
13:05.7,-4.20729,-3.27749,-3.13765,-3.0743,-2.0119,-2.49796
12:16.8,-4.20729,-3.20466,-3.07018,-2.9889,-1.92689,-2.52512
11:31.3,-4.15598,-3.42316,-3.20513,-2.9889,-1.98356,-2.79663
10:45.5,-4.69472,-3.27749,-3.20513,-3.0743,-1.89855,-2.68803
09:59.0,-4.69472,-3.27749,-3.20513,-3.0743,-1.89855,-2.68803
09:08.4,-4.64341,-3.64166,-3.40756,-3.33049,-2.21026,-3.14961
08:21.2,-4.64341,-3.64166,-3.40756,-3.33049,-2.21026,-3.14961
07:33.6,-4.51514,-3.49599,-3.34008,-3.24509,-2.15358,-3.01385
06:44.8,-4.51514,-3.49599,-3.34008,-3.24509,-2.15358,-3.01385
05:55.8,-4.48948,-3.27749,-3.34008,-3.24509,-2.06857,-2.85094
05:07.8,-4.5921,-3.64166,-3.60999,-3.24509,-2.26693,-3.25821
04:19.9,-4.46383,-3.64166,-3.4413,-3.33049,-2.23859,-3.14961
03:29.1,-4.46383,-3.64166,-3.50877,-3.33049,-2.18192,-3.0953
02:37.6,-4.61775,-3.78733,-3.57625,-3.41588,-2.29527,-3.31252
01:49.8,-4.48948,-3.49599,-3.40756,-3.33049,-2.12525,-2.95954
00:59.5,-4.79733,-3.78733,-3.60999,-3.41588,-2.38028,-3.33967
00:10.3,-4.72037,-3.93299,-3.60999,-3.58668,-2.35194,-3.17676
59:22.4,-4.9256,-4.15149,-3.84615,-3.75747,-2.52196,-3.63834
58:34.9,-4.95126,-4.29716,-3.91363,-3.84287,-2.52196,-3.63834
57:44.9,-5.13084,-4.07866,-3.81242,-3.84287,-2.38028,-3.50258
56:55.0,-5.13084,-4.29716,-3.94737,-3.92827,-2.49362,-3.74695
56:08.0,-4.87429,-4.15149,-3.77868,-3.84287,-2.3236,-3.61119
55:20.5,-4.66906,-4.00583,-3.7112,-3.92827,-2.12525,-3.39397
54:31.0,-5.25911,-4.22433,-3.91363,-3.92827,-2.35194,-3.7741
53:41.6,-5.25911,-4.15149,-3.81242,-3.84287,-2.35194,-3.52973
52:54.9,-5.25911,-4.51566,-4.11606,-4.09906,-2.60697,-3.93701
52:05.9,-4.97691,-4.36999,-3.98111,-3.92827,-2.46529,-3.71979
51:16.7,-4.95126,-4.36999,-3.84615,-3.84287,-2.40861,-3.66549
50:29.8,-5.10518,-4.15149,-3.7112,-3.84287,-2.3236,-3.44828
49:45.2,-5.10518,-4.36999,-3.87989,-4.01366,-2.49362,-3.69264
48:57.3,-5.10518,-4.29716,-3.91363,-4.09906,-2.52196,-3.74695
48:10.0,-5.07953,-4.51566,-4.08232,-4.26985,-2.57863,-3.90986
47:23.6,-4.95126,-4.36999,-3.91363,-4.01366,-2.5503,-3.61119
46:35.7,-4.56644,-3.93299,-3.57625,-3.67208,-2.18192,-2.9867
45:50.9,-4.56644,-3.93299,-3.57625,-3.67208,-2.18192,-2.9867
45:06.3,-4.97691,-4.15149,-3.81242,-3.84287,-2.40861,-3.55688
44:19.2,-4.97691,-4.44283,-3.98111,-4.01366,-2.46529,-3.61119
43:32.3,-4.97691,-4.44283,-4.04858,-3.84287,-2.49362,-3.74695
42:46.6,-4.97691,-4.44283,-4.01484,-3.84287,-2.35194,-3.80125
42:01.6,-5.00257,-4.58849,-4.1498,-3.92827,-2.49362,-3.96416
41:15.6,-5.00257,-4.58849,-4.1498,-3.92827,-2.49362,-3.96416
40:29.2,-4.87429,-4.66133,-4.21727,-4.01366,-2.52196,-4.01846
39:44.2,-4.79733,-4.66133,-4.08232,-3.84287,-2.52196,-4.09992
38:56.7,-4.66906,-4.29716,-3.94737,-3.92827,-2.5503,-3.85555
38:10.6,-4.48948,-4.00583,-3.77868,-4.01366,-2.40861,-3.66549
37:24.7,-4.48948,-4.07866,-3.84615,-3.84287,-2.43695,-3.63834
36:39.2,-4.5921,-4.66133,-3.98111,-4.09906,-2.66364,-3.8827
35:52.2,-4.25859,-4.15149,-3.64372,-3.75747,-2.52196,-3.33967
35:09.5,-3.89944,-3.27749,-3.20513,-3.41588,-2.26693,-2.90524
34:24.4,-4.05336,-3.78733,-3.54251,-3.75747,-2.52196,-3.25821
33:38.0,-3.30939,-3.64166,-3.34008,-3.15969,-2.23859,-2.93239
32:51.1,-3.9764,-3.56883,-3.40756,-3.33049,-2.09691,-2.76948
32:06.5,-3.9764,-3.20466,-3.67746,-3.50128,-2.04024,-2.52512
31:19.2,-4.56644,-3.49599,-3.91363,-4.52605,-2.12525,-3.28537
30:36.5,-3.9764,-4.51566,-4.01484,-3.75747,-2.21026,-3.8827
8/13/2020 16:00,,,,,,
8/13/2020 16:00,-3.05285,-3.13183,-3.17139,-3.15969,-1.64353,-2.76948
59:18.5,-3.15546,-3.27749,-3.2726,-3.15969,-1.61519,-2.82378
58:24.7,-3.12981,-3.20466,-3.23887,-3.15969,-1.55852,-2.82378
57:32.0,-3.18112,-3.27749,-3.23887,-3.15969,-1.58685,-2.79663
56:44.6,-3.20677,-3.27749,-3.37382,-3.33049,-1.64353,-2.90524
55:54.2,-3.20677,-3.27749,-3.37382,-3.33049,-1.61519,-2.93239
55:01.4,-3.20677,-3.27749,-3.2726,-3.33049,-1.58685,-2.79663
54:08.3,-3.23243,-3.35033,-3.40756,-3.41588,-1.58685,-2.95954
53:18.3,-3.20677,-3.35033,-3.37382,-3.41588,-1.55852,-3.01385
52:30.1,-3.10416,-3.27749,-3.2726,-3.15969,-1.53018,-2.87809
51:36.8,-3.02719,-3.20466,-3.2726,-3.15969,-1.50184,-2.85094
50:43.5,-3.18112,-3.27749,-3.30634,-3.24509,-1.58685,-2.93239
49:53.3,-3.20677,-3.13183,-3.30634,-3.15969,-1.61519,-2.87809
49:02.4,-3.23243,-3.20466,-3.34008,-3.15969,-1.64353,-2.87809
48:10.8,-3.25808,-3.27749,-3.34008,-3.24509,-1.67186,-2.87809
47:17.5,-3.23243,-3.27749,-3.37382,-3.15969,-1.61519,-2.90524
46:27.2,-3.18112,-3.20466,-3.37382,-3.15969,-1.64353,-2.90524
45:37.0,-3.10416,-3.20466,-3.34008,-3.0743,-1.61519,-2.87809
44:44.5,-3.10416,-3.05899,-3.2726,-3.0743,-1.53018,-2.82378
43:52.4,-3.0785,-2.98616,-3.30634,-2.9889,-1.53018,-2.79663
43:04.7,-3.0785,-2.98616,-3.30634,-2.9889,-1.53018,-2.79663
42:13.6,-3.05285,-2.98616,-3.2726,-2.9889,-1.53018,-2.79663
41:20.7,-3.05285,-2.98616,-3.30634,-3.0743,-1.55852,-2.85094
40:26.8,-2.89892,-3.05899,-3.40756,-3.0743,-1.58685,-2.95954
39:36.6,-2.89892,-2.98616,-3.2726,-2.9035,-1.53018,-2.82378
38:48.5,-2.82196,-3.05899,-3.20513,-2.8181,-1.44517,-2.76948
37:55.1,-2.69369,-2.98616,-3.17139,-2.8181,-1.44517,-2.79663
37:01.6,-2.69369,-2.98616,-3.13765,-2.8181,-1.3885,-2.71518
36:11.3,-2.71934,-2.91333,-3.10391,-2.8181,-1.27515,-2.68803
35:20.5,-2.71934,-2.98616,-3.10391,-2.8181,-1.30349,-2.76948
34:27.7,-2.71934,-2.98616,-3.17139,-2.8181,-1.33182,-2.85094
33:35.9,-2.71934,-3.05899,-3.17139,-2.8181,-1.33182,-2.85094
32:45.5,-2.69369,-2.98616,-3.17139,-2.8181,-1.33182,-2.76948
31:55.1,-2.745,-2.98616,-3.17139,-2.8181,-1.33182,-2.76948
31:02.3,-2.77065,-3.13183,-3.30634,-2.9889,-1.44517,-2.95954
30:05.0,-2.745,-2.98616,-3.20513,-2.9035,-1.33182,-2.71518
29:18.4,-2.79631,-2.98616,-3.23887,-2.9035,-1.44517,-2.79663
28:28.6,-2.69369,-2.98616,-3.20513,-2.9035,-1.41683,-2.76948
27:34.9,-2.56542,-2.91333,-3.13765,-2.8181,-1.33182,-2.74233
26:41.2,-2.53976,-2.69483,-2.93522,-2.64731,-1.24681,-2.38936
25:53.2,-2.53976,-2.69483,-2.93522,-2.64731,-1.24681,-2.38936
25:01.9,-2.53976,-2.69483,-2.90148,-2.64731,-1.24681,-2.3622
24:08.7,-2.61673,-2.69483,-2.93522,-2.64731,-1.24681,-2.3622
23:14.5,-2.64238,-2.76766,-3.03644,-2.8181,-1.33182,-2.49796
22:24.3,-2.64238,-2.76766,-3.03644,-2.8181,-1.27515,-2.52512
21:35.3,-2.66803,-2.76766,-3.03644,-2.8181,-1.24681,-2.49796
20:42.6,-2.71934,-2.76766,-3.0027,-2.73271,-1.21848,-2.41651
19:50.4,-2.79631,-2.8405,-3.07018,-2.9035,-1.24681,-2.55227
19:00.5,-2.79631,-2.8405,-3.03644,-2.9035,-1.33182,-2.52512
18:07.9,-2.79631,-2.91333,-3.13765,-2.9035,-1.3885,-2.57942
17:15.2,-2.87327,-2.98616,-3.17139,-2.9035,-1.50184,-2.60657
15:42.4,-2.97589,-3.13183,-3.23887,-2.9889,-1.53018,-2.76948
14:39.1,-3.00154,-3.13183,-3.30634,-2.9889,-1.64353,-2.87809
13:46.0,-2.95023,-3.05899,-3.30634,-2.9889,-1.58685,-2.85094
12:52.5,-3.00154,-3.05899,-3.2726,-2.9889,-1.55852,-2.85094
11:59.1,-2.97589,-2.98616,-3.30634,-2.9889,-1.53018,-2.79663
11:07.7,-2.82196,-3.05899,-3.2726,-2.9889,-1.53018,-2.76948
10:14.1,-2.82196,-2.91333,-3.23887,-2.9889,-1.44517,-2.76948
09:19.7,-2.92458,-2.8405,-3.17139,-2.9035,-1.33182,-2.63372
08:28.1,-2.87327,-2.98616,-3.2726,-2.9889,-1.41683,-2.76948
07:38.6,-2.84761,-2.91333,-3.23887,-2.9889,-1.36016,-2.57942
06:46.5,-2.89892,-2.91333,-3.2726,-2.9889,-1.3885,-2.68803
05:52.2,-3.12981,-3.20466,-3.4413,-3.24509,-1.44517,-3.01385
04:46.5,-3.0785,-3.13183,-3.34008,-3.24509,-1.3885,-3.01385
02:35.3,-3.18112,-3.20466,-3.40756,-3.24509,-1.55852,-3.0953
59:39.4,-3.33504,-3.27749,-3.54251,-3.33049,-1.61519,-3.17676
56:59.7,-3.20677,-2.98616,-3.40756,-3.0743,-1.3885,-3.01385
54:06.2,-3.51462,-3.27749,-3.60999,-3.33049,-1.67186,-3.20391
51:20.0,-3.33504,-3.35033,-3.67746,-3.33049,-1.7002,-3.28537
48:35.8,-3.00154,-3.05899,-3.37382,-3.0743,-1.44517,-2.90524
45:54.1,-3.0785,-2.91333,-3.37382,-3.0743,-1.44517,-2.82378
43:35.5,-3.10416,-3.05899,-3.47503,-2.9889,-1.50184,-2.95954
41:28.9,-3.25808,-3.20466,-3.47503,-3.0743,-1.58685,-2.90524
39:25.7,-3.33504,-3.42316,-3.64372,-3.33049,-1.78521,-3.12245
37:33.3,-3.30939,-3.35033,-3.64372,-3.33049,-1.84188,-3.17676
36:14.8,-3.10416,-3.05899,-3.37382,-2.9889,-1.55852,-2.87809
34:52.5,-3.10416,-3.05899,-3.37382,-2.9889,-1.55852,-2.87809
33:44.4,-3.20677,-3.13183,-3.37382,-3.0743,-1.7002,-2.90524
32:48.6,-3.20677,-3.13183,-3.37382,-3.0743,-1.7002,-2.95954
31:44.4,-2.97589,-2.98616,-3.2726,-2.9889,-1.53018,-2.71518
30:53.6,-2.92458,-2.98616,-3.23887,-2.8181,-1.58685,-2.76948
30:00.9,-2.79631,-2.98616,-3.17139,-2.8181,-1.55852,-2.71518
28:49.9,-2.79631,-3.05899,-3.17139,-2.9035,-1.55852,-2.68803
28:01.5,-2.69369,-2.8405,-3.0027,-2.73271,-1.27515,-2.3622
27:14.3,-2.745,-3.05899,-3.0027,-2.8181,-1.27515,-2.38936
26:25.6,-2.71934,-2.98616,-3.0027,-2.8181,-1.33182,-2.47081
25:36.3,-2.745,-2.98616,-3.0027,-2.73271,-1.33182,-2.47081
24:49.3,-2.745,-2.98616,-3.0027,-2.73271,-1.33182,-2.47081
23:59.5,-2.64238,-2.91333,-2.93522,-2.73271,-1.36016,-2.41651
23:10.7,-2.64238,-2.76766,-2.90148,-2.64731,-1.33182,-2.38936
22:20.5,-2.53976,-2.69483,-2.86775,-2.56191,-1.30349,-2.33505
21:33.6,-2.53976,-2.69483,-2.86775,-2.56191,-1.30349,-2.33505
20:40.8,-2.4628,-2.47633,-2.69906,-2.47652,-1.21848,-2.17214
19:49.7,-2.4628,-2.47633,-2.69906,-2.47652,-1.21848,-2.17214
19:00.4,-2.43715,-2.4035,-2.59784,-2.47652,-1.13347,-2.11784
18:10.1,-2.51411,-2.4035,-2.69906,-2.47652,-1.19014,-2.14499
17:11.6,-2.51411,-2.54916,-2.69906,-2.47652,-1.21848,-2.22645
15:12.0,-2.43715,-2.4035,-2.5641,-2.39112,-1.10513,-2.14499
14:24.3,-2.38584,-2.4035,-2.66532,-2.39112,-1.02012,-2.22645
13:37.5,-2.36018,-2.4035,-2.63158,-2.30572,-0.93511,-2.17214
12:46.9,-2.30888,-2.47633,-2.63158,-2.30572,-0.90677,-2.17214
11:56.5,-2.30888,-2.47633,-2.66532,-2.39112,-0.99178,-2.2536
11:09.6,-2.36018,-2.47633,-2.66532,-2.39112,-0.93511,-2.17214
10:21.6,-2.36018,-2.47633,-2.66532,-2.47652,-0.93511,-2.17214
09:32.6,-2.36018,-2.54916,-2.66532,-2.47652,-0.96345,-2.19929
08:43.9,-2.36018,-2.4035,-2.5641,-2.39112,-0.8501,-2.19929
07:56.3,-2.36018,-2.4035,-2.5641,-2.39112,-0.87844,-2.09069
07:05.7,-2.30888,-2.4035,-2.53036,-2.30572,-0.87844,-2.03638
06:16.4,-2.30888,-2.33066,-2.53036,-2.30572,-0.87844,-2.09069
05:28.8,-2.36018,-2.33066,-2.53036,-2.30572,-0.87844,-2.03638
04:38.9,-2.43715,-2.47633,-2.66532,-2.64731,-0.99178,-2.11784
03:48.8,-2.51411,-2.54916,-2.66532,-2.64731,-1.07679,-2.14499
02:59.2,-2.59107,-2.76766,-2.73279,-2.73271,-1.1618,-2.17214
02:11.9,-2.59107,-2.76766,-2.73279,-2.73271,-1.1618,-2.17214
01:18.4,-2.66803,-2.76766,-2.76653,-2.73271,-1.13347,-2.2536
00:24.5,-2.69369,-2.69483,-2.80027,-2.8181,-1.1618,-2.33505
59:34.8,-2.69369,-2.69483,-2.83401,-2.8181,-1.1618,-2.3622
58:43.1,-2.69369,-2.69483,-2.86775,-2.8181,-1.1618,-2.41651
57:51.1,-2.69369,-2.622,-2.83401,-2.8181,-1.13347,-2.41651
56:56.3,-2.69369,-2.622,-2.80027,-2.8181,-1.13347,-2.38936
56:05.6,-2.82196,-2.622,-2.80027,-2.9035,-1.1618,-2.41651
55:14.8,-2.82196,-2.69483,-2.90148,-2.9889,-1.19014,-2.49796
54:21.0,-2.71934,-2.69483,-2.83401,-2.9889,-1.19014,-2.49796
53:26.0,-2.69369,-2.622,-2.76653,-2.9035,-1.1618,-2.38936
52:38.3,-2.745,-2.69483,-2.80027,-2.9035,-1.21848,-2.47081
51:49.2,-2.71934,-2.69483,-2.76653,-2.9035,-1.19014,-2.44366
50:58.2,-2.69369,-2.69483,-2.76653,-2.9035,-1.21848,-2.47081
50:09.4,-2.69369,-2.622,-2.69906,-2.73271,-1.19014,-2.38936
49:21.0,-2.71934,-2.76766,-2.76653,-2.73271,-1.21848,-2.47081
48:29.9,-2.69369,-2.69483,-2.73279,-2.73271,-1.10513,-2.3622
47:39.7,-2.69369,-2.54916,-2.69906,-2.73271,-1.10513,-2.28075
46:53.0,-2.77065,-2.54916,-2.80027,-2.73271,-1.19014,-2.33505
46:02.5,-2.87327,-2.8405,-2.93522,-2.8181,-1.3885,-2.52512
45:13.3,-2.92458,-2.8405,-2.93522,-2.8181,-1.41683,-2.52512
44:25.9,-2.87327,-2.69483,-2.90148,-2.8181,-1.33182,-2.55227
43:37.2,-3.02719,-2.76766,-2.93522,-2.8181,-1.44517,-2.57942
42:45.8,-2.97589,-2.8405,-2.96896,-2.8181,-1.47351,-2.66087
41:54.3,-2.95023,-2.8405,-2.86775,-2.73271,-1.33182,-2.60657
41:06.1,-2.95023,-2.69483,-2.86775,-2.73271,-1.33182,-2.52512
40:15.8,-2.79631,-2.54916,-2.73279,-2.64731,-1.19014,-2.3079
39:24.6,-2.79631,-2.47633,-2.69906,-2.73271,-1.19014,-2.19929
38:31.3,-2.82196,-2.54916,-2.76653,-2.8181,-1.30349,-2.3079
37:42.2,-2.82196,-2.54916,-2.80027,-2.73271,-1.30349,-2.3622
36:52.7,-2.82196,-2.47633,-2.76653,-2.64731,-1.30349,-2.41651
36:00.8,-2.77065,-2.54916,-2.80027,-2.64731,-1.19014,-2.44366
35:08.1,-2.745,-2.4035,-2.69906,-2.64731,-1.19014,-2.33505
34:19.0,-2.77065,-2.4035,-2.63158,-2.56191,-1.19014,-2.2536
33:27.8,-2.77065,-2.4035,-2.66532,-2.56191,-1.1618,-2.3079
32:34.2,-2.64238,-2.25783,-2.46289,-2.30572,-0.99178,-2.11784
31:41.1,-2.56542,-2.11216,-2.39541,-2.22032,-0.87844,-1.95493
30:53.4,-2.53976,-2.03933,-2.32794,-2.13493,-0.82176,-1.87347
30:02.1,-2.53976,-2.11216,-2.32794,-2.13493,-0.82176,-1.90062
29:09.4,-2.56542,-2.03933,-2.32794,-2.22032,-0.82176,-1.87347
28:16.9,-2.56542,-2.03933,-2.32794,-2.22032,-0.82176,-1.81917
27:25.1,-2.56542,-2.11216,-2.42915,-2.30572,-0.8501,-1.92778
26:30.3,-2.59107,-2.11216,-2.46289,-2.30572,-0.87844,-2.00923
25:34.1,-2.59107,-2.11216,-2.42915,-2.30572,-0.8501,-2.03638
24:37.1,-2.53976,-2.03933,-2.39541,-2.39112,-0.76509,-1.79202
23:47.0,-2.53976,-2.11216,-2.39541,-2.39112,-0.79343,-1.81917
22:56.3,-2.53976,-2.25783,-2.49663,-2.39112,-0.82176,-2.00923
22:01.6,-2.53976,-1.9665,-2.39541,-2.30572,-0.70842,-1.84632
21:06.6,-2.51411,-2.11216,-2.39541,-2.30572,-0.70842,-1.87347
20:17.9,-2.53976,-2.185,-2.36167,-2.30572,-0.70842,-1.92778
19:27.6,-2.48846,-2.25783,-2.42915,-2.30572,-0.73675,-1.98208
18:33.4,-2.48846,-2.11216,-2.42915,-2.22032,-0.73675,-1.98208
17:40.7,-2.43715,-2.03933,-2.42915,-2.22032,-0.73675,-1.98208
16:51.2,-2.43715,-2.03933,-2.42915,-2.22032,-0.73675,-1.98208
15:00.8,-2.61673,-2.03933,-2.42915,-2.30572,-0.79343,-1.92778
14:07.5,-2.61673,-2.11216,-2.5641,-2.22032,-0.8501,-2.14499
12:59.9,-2.61673,-1.9665,-2.46289,-2.22032,-0.79343,-2.03638
10:51.7,-2.51411,-1.9665,-2.42915,-2.22032,-0.76509,-1.92778
08:34.6,-2.61673,-2.185,-2.69906,-2.47652,-0.90677,-2.3622
06:28.7,-2.66803,-2.25783,-2.66532,-2.56191,-0.90677,-2.33505
04:12.1,-2.61673,-2.185,-2.69906,-2.56191,-0.99178,-2.38936
01:54.6,-2.77065,-2.33066,-2.73279,-2.64731,-0.99178,-2.3079
59:35.7,-2.82196,-2.4035,-2.83401,-2.73271,-1.10513,-2.44366
57:11.8,-2.82196,-2.4035,-2.73279,-2.73271,-1.02012,-2.28075
55:02.2,-2.77065,-2.4035,-2.76653,-2.64731,-1.04846,-2.17214
52:47.9,-2.77065,-2.25783,-2.69906,-2.39112,-0.90677,-2.09069
50:30.8,-2.77065,-2.11216,-2.63158,-2.56191,-0.96345,-1.92778
48:38.8,-2.82196,-2.25783,-2.76653,-2.56191,-0.96345,-2.11784
46:38.9,-2.77065,-2.11216,-2.73279,-2.56191,-0.96345,-2.00923
44:16.6,-2.89892,-2.33066,-2.90148,-2.64731,-1.04846,-2.14499
41:59.0,-3.00154,-2.25783,-2.86775,-2.56191,-1.02012,-2.14499
40:06.3,-2.92458,-2.03933,-2.73279,-2.47652,-0.87844,-1.87347
38:18.4,-2.92458,-1.9665,-2.83401,-2.47652,-0.90677,-1.90062
36:33.5,-2.97589,-1.9665,-2.83401,-2.47652,-0.93511,-1.92778
35:03.2,-2.77065,-1.9665,-2.80027,-2.30572,-0.87844,-1.87347
33:43.9,-2.77065,-1.89366,-2.69906,-2.22032,-0.82176,-1.81917
32:24.3,-2.77065,-1.748,-2.49663,-2.22032,-0.70842,-1.60195
31:07.4,-2.77065,-1.82083,-2.49663,-2.30572,-0.73675,-1.54765
29:56.7,-2.77065,-1.82083,-2.5641,-2.30572,-0.82176,-1.62911
28:52.0,-2.82196,-1.748,-2.5641,-2.22032,-0.79343,-1.5748
27:52.5,-2.82196,-1.89366,-2.63158,-2.39112,-0.8501,-1.71056
26:47.3,-2.82196,-1.89366,-2.63158,-2.39112,-0.8501,-1.71056
25:48.2,-2.82196,-1.89366,-2.5641,-2.30572,-0.79343,-1.65626
24:53.1,-2.82196,-1.82083,-2.5641,-2.30572,-0.76509,-1.71056
23:52.3,-2.84761,-1.9665,-2.53036,-2.22032,-0.82176,-1.68341
23:03.0,-2.87327,-2.03933,-2.59784,-2.30572,-0.90677,-1.76487
22:16.4,-2.87327,-2.03933,-2.59784,-2.30572,-0.90677,-1.76487
21:28.4,-2.82196,-2.03933,-2.63158,-2.30572,-0.90677,-1.81917
20:38.0,-2.82196,-1.9665,-2.59784,-2.30572,-0.8501,-1.79202
19:47.3,-2.82196,-1.9665,-2.59784,-2.30572,-0.8501,-1.79202
18:57.3,-2.84761,-2.03933,-2.63158,-2.39112,-0.87844,-1.84632
17:43.1,-2.64238,-1.82083,-2.53036,-2.30572,-0.76509,-1.65626
16:43.9,-2.48846,-1.60233,-2.42915,-2.13493,-0.59507,-1.4662
14:57.5,-2.53976,-1.748,-2.53036,-2.39112,-0.70842,-1.71056
14:06.9,-2.51411,-1.748,-2.5641,-2.47652,-0.68008,-1.68341
13:14.3,-2.56542,-1.82083,-2.59784,-2.47652,-0.73675,-1.81917
12:20.0,-2.43715,-1.748,-2.53036,-2.47652,-0.65174,-1.68341
11:28.0,-2.43715,-1.748,-2.53036,-2.47652,-0.65174,-1.68341
10:34.5,-2.56542,-1.67516,-2.42915,-2.39112,-0.70842,-1.60195
09:39.7,-2.56542,-1.67516,-2.42915,-2.39112,-0.70842,-1.60195
08:44.1,-2.56542,-1.82083,-2.66532,-2.47652,-0.79343,-1.87347
07:54.1,-2.48846,-1.82083,-2.63158,-2.39112,-0.73675,-1.76487
06:58.0,-2.48846,-1.82083,-2.63158,-2.39112,-0.73675,-1.76487
06:01.7,-2.51411,-1.67516,-2.63158,-2.39112,-0.76509,-1.71056
05:11.9,-2.51411,-1.748,-2.69906,-2.47652,-0.82176,-1.76487
04:20.0,-2.51411,-1.748,-2.69906,-2.47652,-0.82176,-1.76487
03:28.8,-2.41149,-1.60233,-2.59784,-2.30572,-0.62341,-1.5205
02:41.9,-2.30888,-1.5295,-2.53036,-2.22032,-0.56673,-1.54765
01:53.7,-2.15495,-1.311,-2.36167,-1.96413,-0.42505,-1.16753
01:06.1,-2.18061,-1.38383,-2.32794,-1.96413,-0.39671,-1.08607
00:18.6,-2.18061,-1.38383,-2.32794,-1.96413,-0.39671,-1.08607
59:30.2,-2.1293,-1.0925,-2.15924,-1.87874,-0.3117,-1.11322
58:40.2,-2.33453,-1.01966,-2.22672,-1.87874,-0.36838,-1.27613
57:50.1,-2.33453,-1.23816,-2.32794,-2.04953,-0.48172,-1.33044
57:03.5,-2.33453,-1.311,-2.36167,-2.04953,-0.45339,-1.24898
56:12.7,-2.43715,-1.311,-2.46289,-1.96413,-0.45339,-1.43904
55:23.3,-2.43715,-1.311,-2.46289,-1.96413,-0.45339,-1.43904
54:37.4,-2.66803,-1.45666,-2.5641,-2.22032,-0.5384,-1.60195
53:50.0,-2.66803,-1.5295,-2.63158,-2.22032,-0.65174,-1.71056
53:01.2,-2.71934,-1.5295,-2.66532,-2.22032,-0.62341,-1.79202
52:13.6,-2.71934,-1.45666,-2.66532,-2.22032,-0.62341,-1.71056
51:27.4,-2.89892,-1.60233,-2.59784,-2.22032,-0.59507,-1.68341
50:36.5,-2.89892,-1.67516,-2.73279,-2.30572,-0.73675,-1.87347
49:46.3,-2.95023,-1.82083,-2.86775,-2.39112,-0.82176,-2.00923
48:59.3,-2.95023,-1.89366,-2.86775,-2.39112,-0.8501,-2.00923
48:11.9,-2.95023,-1.9665,-2.90148,-2.47652,-0.90677,-2.00923
47:22.4,-2.79631,-2.03933,-2.90148,-2.47652,-0.82176,-2.00923
46:34.3,-2.79631,-2.03933,-2.86775,-2.30572,-0.73675,-1.98208
45:47.6,-2.745,-1.89366,-2.80027,-2.22032,-0.62341,-1.81917
44:57.7,-2.69369,-1.82083,-2.63158,-2.13493,-0.59507,-1.62911
44:06.6,-2.82196,-1.82083,-2.73279,-2.30572,-0.65174,-1.71056
43:19.8,-2.82196,-1.82083,-2.73279,-2.30572,-0.65174,-1.71056
42:31.5,-2.97589,-1.82083,-2.90148,-2.56191,-0.90677,-1.95493
41:43.0,-2.97589,-1.82083,-2.90148,-2.56191,-0.90677,-1.95493
40:55.4,-3.02719,-1.89366,-2.83401,-2.47652,-0.93511,-1.87347
40:08.5,-3.02719,-1.89366,-2.83401,-2.47652,-0.93511,-1.87347
39:18.2,-2.92458,-1.82083,-2.73279,-2.39112,-0.76509,-1.71056
38:30.8,-2.92458,-1.82083,-2.73279,-2.39112,-0.76509,-1.71056
37:42.5,-2.92458,-2.03933,-2.86775,-2.64731,-0.8501,-1.79202
36:53.4,-2.97589,-2.185,-2.93522,-2.56191,-0.87844,-1.90062
36:04.8,-2.97589,-2.25783,-2.93522,-2.47652,-0.82176,-1.84632
35:18.3,-2.97589,-2.185,-2.90148,-2.47652,-0.90677,-1.90062
34:30.6,-2.745,-2.03933,-2.76653,-2.39112,-0.73675,-1.65626
33:42.7,-2.82196,-1.9665,-2.76653,-2.22032,-0.65174,-1.65626
32:54.9,-2.66803,-2.03933,-2.83401,-2.30572,-0.65174,-1.65626
32:08.1,-2.66803,-2.03933,-2.83401,-2.30572,-0.65174,-1.65626
31:18.7,-2.87327,-2.185,-3.0027,-2.47652,-0.79343,-1.90062
30:28.5,-2.87327,-2.185,-3.0027,-2.47652,-0.79343,-1.90062
29:39.0,-2.89892,-2.03933,-2.80027,-2.47652,-0.68008,-1.68341
28:51.1,-2.89892,-2.11216,-2.86775,-2.47652,-0.8501,-1.81917
28:03.0,-2.89892,-2.11216,-2.86775,-2.47652,-0.8501,-1.81917
27:12.7,-3.00154,-2.33066,-2.93522,-2.8181,-0.73675,-1.98208
26:23.8,-2.95023,-2.4035,-2.93522,-2.8181,-0.65174,-2.00923
25:31.8,-3.05285,-2.622,-3.10391,-2.9035,-0.79343,-2.28075
24:40.1,-2.84761,-2.47633,-3.07018,-2.9035,-0.82176,-2.19929
23:51.0,-2.97589,-2.47633,-3.07018,-2.9035,-0.79343,-2.19929
23:01.8,-3.0785,-2.622,-3.20513,-2.9035,-0.79343,-2.2536
22:10.0,-2.84761,-2.4035,-2.96896,-2.73271,-0.65174,-2.00923
21:17.5,-2.71934,-2.33066,-2.93522,-2.56191,-0.59507,-1.92778
20:29.4,-2.71934,-2.33066,-2.93522,-2.64731,-0.56673,-1.92778
19:38.9,-2.77065,-2.25783,-2.93522,-2.73271,-0.48172,-2.06354
18:47.5,-2.59107,-2.03933,-2.80027,-2.56191,-0.48172,-1.90062
17:59.1,-2.59107,-1.89366,-2.69906,-2.30572,-0.59507,-1.71056
17:12.1,-2.59107,-2.03933,-2.76653,-2.30572,-0.62341,-1.87347
15:12.5,-2.38584,-1.67516,-2.39541,-2.22032,-0.36838,-1.38474
14:20.2,-2.28322,-1.82083,-2.5641,-2.22032,-0.39671,-1.49335
13:28.9,-2.28322,-1.67516,-2.49663,-2.22032,-0.36838,-1.35759
12:42.1,-2.38584,-1.9665,-2.63158,-2.47652,-0.48172,-1.5748
11:52.6,-2.41149,-1.89366,-2.59784,-2.39112,-0.48172,-1.49335
11:03.5,-2.48846,-2.03933,-2.66532,-2.47652,-0.59507,-1.5205
10:16.8,-2.48846,-2.03933,-2.66532,-2.47652,-0.59507,-1.5205
09:28.8,-2.38584,-2.11216,-2.69906,-2.39112,-0.56673,-1.41189
08:39.7,-2.25757,-1.82083,-2.5641,-1.96413,-0.42505,-1.43904
07:51.7,-2.23191,-1.748,-2.42915,-1.96413,-0.25503,-1.22183
07:05.4,-2.20626,-1.748,-2.42915,-1.96413,-0.34004,-1.19468
06:14.3,-2.20626,-1.748,-2.53036,-2.04953,-0.36838,-1.24898
05:24.7,-2.20626,-1.748,-2.53036,-2.04953,-0.36838,-1.24898
04:36.4,-1.94972,-1.5295,-2.26046,-1.70794,-0.11335,-0.89601
03:48.6,-1.94972,-1.5295,-2.26046,-1.70794,-0.11335,-0.89601
02:59.7,-2.15495,-1.60233,-2.2942,-1.79334,-0.17002,-0.89601
02:12.4,-2.15495,-1.60233,-2.2942,-1.79334,-0.17002,-0.89601
01:25.9,-2.07799,-1.38383,-2.2942,-1.79334,-0.17002,-0.86886
00:37.8,-1.82145,-1.16533,-2.09177,-1.53715,-0.17002,-0.76025
59:50.4,-1.69318,-0.80117,-1.8556,-1.36635,0,-0.43443
59:04.7,-1.69318,-0.80117,-1.8556,-1.36635,0,-0.43443
58:14.0,-1.66752,-0.94683,-1.88934,-1.45175,0.08501,-0.43443
57:24.3,-1.66752,-0.94683,-1.88934,-1.45175,0.08501,-0.43443
56:36.3,-1.64187,-0.80117,-1.78812,-1.19556,0.17002,-0.38012
55:50.8,-1.64187,-0.80117,-1.78812,-1.19556,0.17002,-0.38012
55:03.2,-1.59056,-0.80117,-1.82186,-1.19556,0.08501,-0.38012
54:16.6,-1.59056,-0.80117,-1.82186,-1.19556,0.141683,-0.38012
53:29.6,-1.59056,-0.80117,-1.82186,-1.19556,0.141683,-0.38012
52:41.6,-1.69318,-1.01966,-1.88934,-1.45175,-0.11335,-0.67879
51:52.6,-1.77014,-0.94683,-1.8556,-1.53715,-0.02834,-0.48873
51:07.3,-1.69318,-1.16533,-1.95682,-1.36635,-0.14168,-0.70595
50:19.7,-1.69318,-1.16533,-1.95682,-1.36635,-0.14168,-0.70595
49:29.2,-1.61621,-0.94683,-1.8556,-1.45175,-0.36838,-0.65164
48:42.4,-1.61621,-0.58267,-1.65317,-1.19556,-0.17002,-0.32582
47:55.8,-1.61621,-0.58267,-1.65317,-1.19556,-0.17002,-0.32582
47:08.8,-1.48794,-0.58267,-1.5857,-1.19556,-0.11335,-0.29867
46:23.8,-1.69318,-0.874,-1.82186,-1.45175,-0.25503,-0.57019
45:38.4,-1.8471,-1.16533,-2.09177,-1.62254,-0.34004,-0.95031
44:49.5,-1.89841,-1.0925,-1.99055,-1.62254,-0.22669,-0.84171
43:59.3,-1.89841,-1.38383,-2.19298,-1.79334,-0.36838,-1.08607
43:13.0,-2.00103,-1.45666,-2.22672,-1.79334,-0.42505,-1.27613
42:23.5,-1.94972,-1.45666,-2.19298,-1.70794,-0.36838,-1.35759
41:34.2,-1.94972,-1.45666,-2.09177,-1.62254,-0.36838,-1.22183
40:42.7,-2.15495,-1.67516,-2.32794,-1.87874,-0.45339,-1.30329
39:55.8,-1.97537,-1.60233,-2.09177,-1.79334,-0.25503,-1.14037
39:06.7,-1.97537,-1.60233,-2.09177,-1.79334,-0.25503,-1.14037
38:17.1,-1.69318,-1.38383,-1.95682,-1.62254,-0.08501,-0.84171
37:31.5,-1.69318,-1.38383,-1.95682,-1.62254,-0.08501,-0.84171
36:42.3,-1.69318,-1.0925,-1.75439,-1.45175,0.113347,-0.46158
35:53.6,-1.74448,-1.16533,-1.82186,-1.53715,0.08501,-0.57019
35:08.3,-1.64187,-1.16533,-1.82186,-1.45175,0.141683,-0.46158
34:20.4,-1.64187,-1.16533,-1.82186,-1.45175,0.141683,-0.46158
33:32.4,-1.53925,-1.23816,-1.8556,-1.11016,0.198356,-0.40728
32:43.4,-1.71883,-1.38383,-2.05803,-1.53715,-0.05667,-0.65164
31:56.8,-1.71883,-1.38383,-2.05803,-1.53715,-0.05667,-0.65164
31:08.3,-1.71883,-1.5295,-2.05803,-1.28096,0,-0.57019
30:19.3,-1.5136,-0.58267,-1.75439,-0.93937,0.17002,-0.40728
29:33.5,-1.5136,-0.58267,-1.75439,-0.93937,0.17002,-0.40728
28:44.1,-1.48794,-0.80117,-1.82186,-0.76857,0.226693,-0.46158
27:54.9,-1.2314,-0.50983,-1.55196,-0.76857,0.42505,-0.0543
27:07.3,-1.35967,-0.72833,-1.68691,-0.76857,0.311703,-0.27152
26:21.2,-1.2314,-0.50983,-1.48448,-0.76857,0.396713,-0.0543
25:33.7,-1.46229,-1.0925,-1.82186,-1.02477,0.198356,-0.48873
24:46.5,-1.53925,-0.94683,-1.75439,-1.11016,0.141683,-0.21721
24:00.4,-1.53925,-0.94683,-1.75439,-1.11016,0.141683,-0.21721
23:13.3,-1.46229,-0.437,-1.417,-0.85397,0.226693,0.108607
22:28.4,-1.46229,-0.437,-1.38327,-0.76857,0.283366,0.271518
21:43.8,-1.46229,-0.437,-1.38327,-0.76857,0.283366,0.271518
20:55.2,-1.35967,-0.29133,-1.21457,-0.51238,0.396713,0.543036
20:07.1,-1.10313,0.364166,-0.94467,-0.17079,0.538396,0.92316
19:22.7,-1.10313,0.364166,-0.94467,-0.17079,0.538396,0.92316
18:34.8,-1.18009,-0.36417,-1.28205,-0.59778,0.311703,0.081455
17:47.9,-1.30836,-0.2185,-1.18084,-0.68318,0.453386,0.407277
17:01.5,-1.43663,-0.50983,-1.417,-0.68318,0.311703,0.217214
16:15.5,-1.43663,-0.50983,-1.417,-0.68318,0.311703,0.217214
15:28.1,-1.10313,0,-1.07962,-0.42699,0.17002,0.515884
14:40.0,-1.15444,-0.07283,-1.04588,-0.51238,0.141683,0.570187
13:54.4,-0.69266,0.509832,-0.7085,-0.25619,0.708416,1.004616
13:05.5,-0.8979,0.436999,-0.7085,-0.34159,0.680079,0.950312
12:16.8,-1.02617,0.072833,-0.97841,-0.42699,0.566733,0.651643
11:31.3,-0.87224,0.145666,-0.91093,-0.42699,0.595069,0.733098
10:44.5,-0.76963,0.291333,-0.74224,-0.25619,0.765089,0.977464
09:56.8,-0.66701,0.2185,-0.74224,-0.25619,0.765089,1.004616
09:11.4,-0.66701,0.2185,-0.74224,-0.25619,0.765089,1.004616
08:23.7,-0.48743,0.582666,-0.47233,0.256191,0.935109,1.547651
07:35.6,-0.71832,0.436999,-0.47233,0.085397,0.878436,1.330437
06:50.3,-0.69266,0.145666,-0.60729,-0.17079,0.651743,1.140375
06:05.0,-0.30785,0.873999,-0.40486,0.256191,1.020119,1.5205
05:17.3,-0.3335,0.728332,-0.37112,0.256191,0.963446,1.493348
04:29.9,-0.15393,1.092498,-0.30364,0.341588,1.076792,1.629107
03:44.5,-0.15393,1.092498,-0.30364,0.341588,1.076792,1.629107
02:57.6,-0.35916,1.092498,-0.40486,0.341588,1.105129,1.68341
02:11.0,-0.46178,0.364166,-0.80972,0,0.765089,0.977464
01:24.3,-0.79528,0.072833,-1.01215,-0.42699,0.595069,0.733098
00:39.7,-0.79528,0.072833,-1.01215,-0.42699,0.595069,0.733098
59:53.3,-0.46178,-0.36417,-1.01215,-0.25619,0.765089,0.271518
59:08.4,-0.46178,-0.36417,-1.01215,-0.25619,0.765089,0.271518
58:21.0,-0.46178,0,-0.94467,-0.0854,0.595069,0.705946
57:35.1,-0.46178,0.072833,-0.80972,0,0.51006,0.787402
56:49.7,-0.46178,0.364166,-0.53981,0.085397,0.595069,1.140375
56:02.0,-0.48743,-0.437,-1.01215,-0.25619,0.198356,0.488732
55:13.7,-0.38481,0.436999,-0.50607,0.085397,0.538396,1.031768
54:28.3,-0.20523,0.655499,-0.60729,0.341588,0.34004,1.167526
53:39.9,-0.30785,0.072833,-0.84345,0.170794,0.17002,0.787402
52:52.6,-0.48743,-0.2185,-0.94467,-0.0854,-0.11335,0.678794
52:05.0,-0.92355,-1.0925,-1.5857,-0.68318,-0.45339,-0.16291
51:18.7,-1.2314,-1.38383,-1.78812,-0.93937,-0.76509,-0.40728
50:32.7,-1.56491,-1.89366,-2.22672,-1.28096,-1.07679,-0.84171
49:49.1,-1.56491,-1.82083,-2.12551,-1.28096,-1.02012,-0.7874
49:03.5,-1.82145,-2.25783,-2.46289,-1.62254,-1.41683,-1.22183
48:17.9,-1.82145,-2.25783,-2.46289,-1.62254,-1.41683,-1.22183
47:30.7,-1.79579,-2.11216,-2.36167,-1.45175,-1.19014,-1.22183
46:46.4,-1.79579,-2.11216,-2.36167,-1.45175,-1.19014,-1.22183
45:58.0,-2.10364,-2.54916,-2.63158,-1.70794,-1.44517,-1.84632
45:13.3,-2.10364,-2.54916,-2.69906,-1.70794,-1.44517,-1.84632
44:28.5,-2.1293,-2.8405,-2.76653,-1.79334,-1.53018,-2.00923
43:42.4,-1.92406,-2.33066,-2.46289,-1.28096,-1.24681,-1.33044
42:57.5,-1.92406,-2.33066,-2.5641,-1.45175,-1.1618,-1.5205
42:14.1,-1.92406,-2.33066,-2.5641,-1.45175,-1.1618,-1.5205
41:27.8,-2.23191,-2.98616,-2.83401,-2.04953,-1.53018,-2.06354
40:42.7,-2.23191,-2.91333,-2.63158,-1.79334,-1.41683,-1.76487
40:00.1,-2.23191,-2.91333,-2.63158,-1.79334,-1.41683,-1.76487
39:13.9,-2.18061,-2.54916,-2.2942,-1.62254,-1.27515,-1.38474
38:28.9,-1.77014,-2.03933,-2.09177,-1.28096,-0.90677,-1.08607
37:41.0,-1.77014,-2.03933,-2.09177,-1.28096,-0.90677,-1.08607
36:53.9,-1.77014,-2.25783,-2.36167,-1.62254,-1.1618,-1.4662
36:07.8,-1.43663,-2.185,-2.32794,-1.36635,-0.93511,-1.41189
35:21.8,-1.43663,-2.185,-2.12551,-1.02477,-0.73675,-1.30329
34:36.1,-1.77014,-2.69483,-2.49663,-1.45175,-0.93511,-1.54765
33:50.0,-1.77014,-2.76766,-2.53036,-1.36635,-0.79343,-1.73771
33:04.4,-2.51411,-3.05899,-2.80027,-1.79334,-1.10513,-2.11784
32:18.8,-3.28374,-3.86016,-3.2726,-2.64731,-1.55852,-2.68803
31:33.4,-3.28374,-3.93299,-3.34008,-1.79334,-1.27515,-2.66087
30:47.9,-3.28374,-4.00583,-3.23887,-2.13493,-1.36016,-2.74233
8/12/2020 16:00,,,,,,
8/12/2020 16:00,-1.33402,-1.38383,-1.8556,-0.85397,-0.11335,-1.16753
59:15.2,-1.41098,-1.23816,-1.55196,-0.76857,-0.08501,-1.19468
58:24.9,-1.38533,-1.23816,-1.55196,-0.59778,-0.05667,-1.16753
57:35.4,-1.38533,-1.23816,-1.55196,-0.59778,-0.02834,-1.19468
56:47.1,-1.43663,-1.311,-1.55196,-0.93937,-0.08501,-1.33044
55:58.3,-1.35967,-1.311,-1.48448,-0.93937,-0.17002,-1.24898
55:09.2,-1.35967,-1.23816,-1.45074,-0.93937,-0.11335,-1.16753
54:18.9,-1.33402,-1.311,-1.48448,-0.93937,-0.08501,-1.19468
53:32.2,-1.33402,-1.311,-1.48448,-0.93937,-0.08501,-1.19468
52:42.6,-1.35967,-1.16533,-1.51822,-1.02477,-0.14168,-1.11322
51:52.4,-1.5136,-1.23816,-1.55196,-1.11016,-0.08501,-1.19468
51:05.1,-1.5136,-1.23816,-1.55196,-1.11016,-0.08501,-1.19468
50:15.2,-1.48794,-1.23816,-1.5857,-1.02477,-0.05667,-1.24898
49:24.8,-1.53925,-1.38383,-1.75439,-1.28096,-0.11335,-1.33044
48:34.2,-1.59056,-1.311,-1.68691,-1.28096,-0.14168,-1.24898
47:44.5,-1.66752,-1.311,-1.72065,-1.28096,-0.19836,-1.24898
46:56.9,-1.64187,-1.23816,-1.75439,-1.28096,-0.17002,-1.16753
46:08.1,-1.61621,-1.16533,-1.65317,-1.19556,-0.11335,-1.14037
45:18.5,-1.61621,-1.16533,-1.65317,-1.19556,-0.11335,-1.14037
44:32.2,-1.66752,-1.23816,-1.75439,-1.28096,-0.19836,-1.24898
43:40.9,-1.71883,-1.38383,-1.8556,-1.28096,-0.25503,-1.33044
42:50.5,-1.71883,-1.38383,-1.88934,-1.28096,-0.42505,-1.41189
42:03.0,-1.71883,-1.38383,-1.92308,-1.28096,-0.3117,-1.35759
41:13.9,-1.71883,-1.38383,-1.95682,-1.28096,-0.34004,-1.4662
40:23.6,-1.74448,-1.45666,-1.99055,-1.28096,-0.28337,-1.54765
39:32.6,-1.69318,-1.38383,-1.95682,-1.28096,-0.28337,-1.4662
38:44.9,-1.61621,-1.38383,-1.88934,-1.28096,-0.19836,-1.38474
37:53.4,-1.59056,-1.38383,-1.95682,-1.28096,-0.17002,-1.38474
37:03.0,-1.61621,-1.45666,-1.92308,-1.36635,-0.08501,-1.4662
36:16.3,-1.61621,-1.45666,-1.92308,-1.36635,-0.08501,-1.4662
35:27.6,-1.64187,-1.5295,-1.95682,-1.36635,-0.11335,-1.49335
34:37.6,-1.66752,-1.60233,-1.95682,-1.36635,-0.11335,-1.54765
33:49.1,-1.64187,-1.45666,-1.95682,-1.36635,-0.19836,-1.4662
33:01.3,-1.64187,-1.5295,-1.95682,-1.28096,-0.11335,-1.54765
32:09.6,-1.71883,-1.5295,-1.95682,-1.36635,-0.11335,-1.5205
31:18.8,-1.48794,-1.311,-1.75439,-1.19556,-0.08501,-1.35759
30:31.9,-1.48794,-1.311,-1.75439,-1.19556,-0.08501,-1.35759
29:43.3,-1.5136,-1.23816,-1.65317,-1.11016,0.08501,-1.30329
28:52.8,-1.48794,-1.16533,-1.72065,-1.19556,-0.02834,-1.22183
28:03.2,-1.53925,-1.16533,-1.75439,-1.19556,-0.05667,-1.22183
27:16.0,-1.53925,-1.16533,-1.75439,-1.19556,-0.05667,-1.22183
26:24.1,-1.59056,-1.311,-1.88934,-1.19556,-0.25503,-1.35759
25:33.0,-1.56491,-1.311,-1.8556,-1.19556,-0.14168,-1.33044
24:44.8,-1.56491,-1.311,-1.8556,-1.19556,-0.14168,-1.33044
23:53.5,-1.64187,-1.38383,-1.88934,-1.28096,-0.11335,-1.33044
23:00.2,-1.59056,-1.311,-1.8556,-1.19556,-0.17002,-1.33044
22:05.1,-1.61621,-1.23816,-1.78812,-1.28096,-0.05667,-1.16753
21:15.2,-1.66752,-1.311,-1.82186,-1.28096,-0.08501,-1.38474
20:23.3,-1.66752,-1.311,-1.88934,-1.28096,-0.14168,-1.38474
19:28.6,-1.56491,-1.23816,-1.82186,-1.19556,-0.11335,-1.27613
18:33.1,-1.41098,-1.01966,-1.68691,-1.02477,0.08501,-1.14037
17:41.3,-1.41098,-1.0925,-1.68691,-1.11016,0.056673,-1.08607
16:48.6,-1.53925,-1.23816,-1.8556,-1.28096,-0.11335,-1.22183
15:52.3,-1.43663,-1.01966,-1.75439,-1.28096,-0.02834,-1.11322
14:56.9,-1.46229,-1.01966,-1.72065,-1.11016,-0.08501,-1.08607
14:06.9,-1.56491,-1.0925,-1.8556,-1.28096,-0.14168,-1.22183
13:17.6,-1.43663,-1.0925,-1.82186,-1.36635,-0.11335,-1.11322
12:27.8,-1.43663,-1.0925,-1.82186,-1.36635,-0.11335,-1.11322
11:35.3,-1.38533,-0.874,-1.61943,-1.45175,0.028337,-0.92316
10:47.4,-1.46229,-0.94683,-1.75439,-1.45175,0.028337,-1.00462
09:55.8,-1.56491,-1.23816,-1.88934,-1.70794,-0.08501,-1.30329
09:03.4,-1.59056,-1.23816,-1.88934,-1.70794,-0.08501,-1.33044
08:12.1,-1.59056,-1.23816,-1.88934,-1.70794,-0.08501,-1.33044
07:19.5,-1.53925,-1.23816,-1.95682,-1.70794,-0.14168,-1.38474
05:47.5,-1.61621,-1.38383,-2.05803,-1.79334,-0.3117,-1.49335
03:17.5,-1.61621,-1.38383,-2.02429,-1.70794,-0.39671,-1.38474
00:14.7,-1.30836,-0.80117,-1.5857,-1.36635,-0.02834,-0.86886
57:25.7,-1.56491,-1.16533,-1.75439,-1.62254,-0.08501,-1.16753
54:32.9,-1.64187,-1.311,-1.8556,-1.62254,-0.22669,-1.35759
51:52.4,-1.64187,-1.0925,-1.75439,-1.70794,-0.3117,-1.14037
49:24.9,-1.8471,-1.23816,-2.05803,-1.87874,-0.62341,-1.5205
47:08.8,-1.94972,-1.45666,-2.22672,-1.96413,-0.62341,-1.68341
44:23.1,-2.07799,-1.5295,-2.36167,-2.04953,-0.68008,-1.71056
41:32.6,-2.10364,-1.38383,-2.2942,-1.96413,-0.82176,-1.76487
39:02.6,-2.00103,-1.23816,-2.15924,-1.96413,-0.76509,-1.65626
36:38.3,-2.05233,-1.45666,-2.32794,-1.87874,-0.76509,-1.62911
34:26.0,-2.15495,-1.67516,-2.39541,-2.13493,-0.8501,-1.81917
32:32.6,-2.1293,-1.45666,-2.22672,-1.87874,-0.79343,-1.65626
30:49.3,-2.07799,-1.5295,-2.2942,-2.04953,-0.76509,-1.65626
29:25.6,-2.10364,-1.5295,-2.32794,-1.96413,-0.8501,-1.73771
28:03.8,-2.10364,-1.748,-2.36167,-2.04953,-0.82176,-1.79202
27:06.2,-2.33453,-2.03933,-2.49663,-2.30572,-0.96345,-2.06354
26:09.5,-2.33453,-2.03933,-2.49663,-2.30572,-0.96345,-2.06354
25:07.0,-2.43715,-1.9665,-2.53036,-2.22032,-1.04846,-2.14499
24:17.2,-2.43715,-2.33066,-2.63158,-2.39112,-1.1618,-2.2536
23:21.4,-2.53976,-2.25783,-2.69906,-2.47652,-1.19014,-2.33505
22:27.6,-2.53976,-2.25783,-2.69906,-2.47652,-1.13347,-2.2536
21:35.8,-2.51411,-2.25783,-2.66532,-2.47652,-1.21848,-2.19929
20:29.8,-2.4628,-2.03933,-2.53036,-2.13493,-1.07679,-1.92778
19:39.8,-2.48846,-2.11216,-2.5641,-2.30572,-1.10513,-2.03638
18:44.0,-2.43715,-2.25783,-2.73279,-2.47652,-1.27515,-2.28075
17:51.1,-2.43715,-2.33066,-2.76653,-2.47652,-1.27515,-2.33505
17:03.1,-2.38584,-2.25783,-2.63158,-2.39112,-1.04846,-2.19929
16:16.2,-2.38584,-2.25783,-2.63158,-2.39112,-1.04846,-2.19929
15:24.9,-2.43715,-2.25783,-2.69906,-2.39112,-1.10513,-2.22645
14:37.7,-2.43715,-2.47633,-2.86775,-2.47652,-1.21848,-2.38936
13:46.9,-2.4628,-2.54916,-2.86775,-2.56191,-1.24681,-2.41651
12:55.1,-2.36018,-2.54916,-2.86775,-2.47652,-1.30349,-2.49796
12:06.4,-2.36018,-2.54916,-2.86775,-2.47652,-1.30349,-2.49796
11:19.0,-2.36018,-2.4035,-2.80027,-2.39112,-1.27515,-2.3622
10:28.5,-2.36018,-2.4035,-2.80027,-2.39112,-1.21848,-2.28075
09:35.9,-2.48846,-2.47633,-2.90148,-2.56191,-1.30349,-2.47081
08:49.1,-2.53976,-2.54916,-2.96896,-2.64731,-1.41683,-2.68803
08:01.9,-2.48846,-2.47633,-2.90148,-2.47652,-1.36016,-2.57942
07:10.7,-2.48846,-2.47633,-2.90148,-2.47652,-1.36016,-2.57942
06:19.4,-2.43715,-2.4035,-2.83401,-2.47652,-1.36016,-2.49796
05:33.2,-2.36018,-2.25783,-2.83401,-2.47652,-1.30349,-2.41651
04:42.7,-2.36018,-2.4035,-2.83401,-2.47652,-1.27515,-2.33505
03:52.9,-2.4628,-2.54916,-3.0027,-2.64731,-1.33182,-2.41651
03:05.7,-2.4628,-2.54916,-3.0027,-2.64731,-1.33182,-2.41651
02:16.5,-2.4628,-2.622,-3.0027,-2.64731,-1.36016,-2.47081
01:26.0,-2.48846,-2.54916,-3.03644,-2.56191,-1.3885,-2.49796
00:37.8,-2.36018,-2.4035,-2.90148,-2.56191,-1.36016,-2.33505
59:50.3,-2.41149,-2.4035,-2.90148,-2.64731,-1.33182,-2.28075
59:00.7,-2.41149,-2.25783,-2.96896,-2.64731,-1.33182,-2.28075
58:10.7,-2.41149,-2.25783,-2.96896,-2.64731,-1.33182,-2.28075
57:24.1,-2.4628,-2.33066,-3.03644,-2.73271,-1.30349,-2.41651
56:36.2,-2.4628,-2.33066,-3.03644,-2.73271,-1.30349,-2.41651
55:46.0,-2.51411,-2.54916,-3.10391,-2.8181,-1.3885,-2.3622
54:58.0,-2.56542,-2.54916,-3.17139,-2.9035,-1.44517,-2.47081
54:10.8,-2.66803,-2.69483,-3.17139,-2.9889,-1.47351,-2.63372
53:21.7,-2.66803,-2.69483,-3.17139,-2.9889,-1.47351,-2.63372
52:29.5,-2.51411,-2.4035,-3.03644,-2.9889,-1.33182,-2.49796
51:42.7,-2.79631,-2.47633,-3.10391,-2.9889,-1.44517,-2.55227
50:54.2,-2.79631,-2.69483,-3.20513,-3.0743,-1.53018,-2.76948
50:04.7,-2.84761,-2.69483,-3.17139,-3.15969,-1.53018,-2.71518
49:16.6,-2.84761,-2.69483,-3.17139,-3.15969,-1.53018,-2.71518
48:27.9,-2.84761,-2.76766,-3.20513,-3.0743,-1.53018,-2.74233
47:37.1,-2.84761,-2.69483,-3.10391,-3.0743,-1.36016,-2.60657
46:47.0,-2.79631,-2.76766,-3.13765,-3.0743,-1.44517,-2.63372
46:00.0,-2.64238,-2.622,-3.07018,-2.9035,-1.3885,-2.49796
45:11.4,-2.59107,-2.54916,-2.96896,-2.9889,-1.33182,-2.33505
44:22.1,-2.59107,-2.54916,-2.96896,-2.9889,-1.33182,-2.33505
43:33.9,-2.66803,-2.54916,-2.96896,-2.9889,-1.47351,-2.3622
42:46.1,-2.66803,-2.47633,-2.96896,-2.9889,-1.47351,-2.3622
41:56.1,-2.64238,-2.54916,-3.0027,-2.9889,-1.36016,-2.3622
41:05.3,-2.43715,-2.54916,-2.90148,-2.9035,-1.24681,-2.2536
40:17.8,-2.43715,-2.54916,-2.90148,-2.9035,-1.24681,-2.2536
39:27.0,-2.4628,-2.4035,-2.86775,-2.73271,-1.13347,-2.14499
38:31.3,-2.48846,-2.33066,-2.83401,-2.73271,-1.21848,-2.11784
37:36.3,-2.56542,-2.185,-2.86775,-2.8181,-1.30349,-2.06354
36:45.2,-2.59107,-2.25783,-2.93522,-2.9889,-1.27515,-2.22645
35:55.1,-2.71934,-2.33066,-2.90148,-2.9889,-1.24681,-2.22645
35:01.3,-2.69369,-2.4035,-3.10391,-2.9035,-1.41683,-2.3622
34:09.0,-2.64238,-2.11216,-3.0027,-2.9035,-1.36016,-2.22645
33:19.4,-2.745,-2.11216,-3.07018,-2.9035,-1.47351,-2.2536
32:28.3,-2.745,-2.03933,-3.03644,-2.9889,-1.41683,-2.28075
31:34.4,-2.745,-1.9665,-3.07018,-2.9889,-1.3885,-2.28075
30:42.9,-2.92458,-2.11216,-3.17139,-3.0743,-1.61519,-2.44366
29:55.3,-3.12981,-2.4035,-3.37382,-3.24509,-1.7002,-2.76948
29:02.2,-3.12981,-2.25783,-3.37382,-3.15969,-1.72853,-2.66087
28:09.9,-3.12981,-2.33066,-3.30634,-3.15969,-1.78521,-2.68803
27:15.7,-3.12981,-2.33066,-3.30634,-3.15969,-1.78521,-2.68803
26:23.4,-3.18112,-2.47633,-3.23887,-3.15969,-1.98356,-2.63372
25:28.5,-3.25808,-2.622,-3.40756,-3.33049,-1.98356,-2.57942
24:32.8,-3.33504,-2.76766,-3.50877,-3.41588,-2.15358,-2.82378
23:35.2,-3.43766,-2.91333,-3.57625,-3.41588,-2.15358,-2.90524
22:44.4,-3.46331,-2.91333,-3.47503,-3.41588,-2.12525,-2.82378
21:51.0,-3.46331,-2.91333,-3.50877,-3.33049,-2.12525,-2.93239
20:52.7,-3.43766,-2.91333,-3.50877,-3.41588,-2.21026,-2.93239
19:57.7,-3.43766,-2.98616,-3.50877,-3.41588,-2.35194,-3.01385
19:02.8,-3.59159,-3.27749,-3.64372,-3.58668,-2.43695,-3.20391
18:07.4,-3.54028,-3.20466,-3.60999,-3.58668,-2.5503,-3.12245
17:13.4,-3.43766,-3.13183,-3.47503,-3.50128,-2.35194,-2.9867
16:15.9,-3.23243,-2.8405,-3.30634,-3.24509,-2.04024,-2.79663
15:19.6,-2.89892,-2.69483,-3.20513,-3.15969,-2.0119,-2.57942
14:26.0,-2.84761,-2.69483,-3.17139,-3.15969,-1.95523,-2.57942
13:34.1,-2.87327,-2.76766,-3.20513,-3.24509,-2.0119,-2.63372
12:37.7,-2.92458,-2.76766,-3.34008,-3.24509,-1.98356,-2.71518
10:45.0,-2.87327,-2.8405,-3.37382,-3.24509,-1.95523,-2.85094
08:34.0,-2.82196,-2.622,-3.34008,-3.15969,-1.89855,-2.79663
06:12.2,-2.64238,-2.4035,-3.17139,-2.8181,-1.67186,-2.55227
03:36.8,-2.71934,-2.54916,-3.30634,-2.9889,-1.78521,-2.63372
01:11.2,-2.66803,-2.47633,-3.03644,-2.8181,-1.64353,-2.3079
58:45.9,-2.53976,-2.4035,-3.0027,-2.64731,-1.50184,-2.38936
56:26.4,-2.4628,-2.185,-2.80027,-2.47652,-1.53018,-2.06354
54:08.5,-2.4628,-2.11216,-2.73279,-2.47652,-1.67186,-2.06354
51:53.7,-2.4628,-2.185,-2.73279,-2.47652,-1.50184,-2.06354
49:49.7,-2.48846,-2.4035,-2.73279,-2.39112,-1.61519,-2.09069
47:51.5,-2.43715,-2.25783,-2.69906,-2.39112,-1.55852,-2.17214
45:37.2,-2.41149,-2.11216,-2.69906,-2.30572,-1.41683,-2.14499
43:23.0,-2.43715,-1.82083,-2.46289,-2.13493,-1.27515,-1.79202
41:11.0,-2.38584,-1.89366,-2.32794,-1.96413,-1.04846,-1.60195
38:58.0,-2.18061,-1.82083,-2.26046,-1.96413,-0.99178,-1.43904
36:42.7,-2.20626,-1.9665,-2.19298,-1.96413,-0.96345,-1.43904
34:52.8,-1.87276,-1.60233,-1.99055,-1.70794,-0.79343,-1.16753
33:17.5,-2.07799,-1.82083,-2.19298,-1.87874,-0.82176,-1.4662
31:52.5,-2.07799,-1.89366,-2.26046,-1.96413,-0.96345,-1.60195
30:18.2,-2.20626,-1.89366,-2.2942,-1.96413,-1.07679,-1.79202
29:02.5,-2.00103,-1.9665,-2.22672,-1.96413,-0.96345,-1.73771
27:50.5,-2.05233,-2.11216,-2.22672,-1.96413,-0.99178,-1.84632
26:23.8,-2.05233,-2.185,-2.32794,-2.04953,-0.99178,-1.87347
25:11.1,-2.20626,-2.33066,-2.42915,-2.04953,-1.07679,-2.00923
24:04.4,-2.48846,-2.622,-2.66532,-2.47652,-1.3885,-2.2536
23:03.1,-2.48846,-2.622,-2.66532,-2.47652,-1.3885,-2.2536
21:59.8,-2.53976,-2.76766,-2.80027,-2.47652,-1.3885,-2.3622
21:00.8,-2.33453,-2.54916,-2.63158,-2.22032,-1.13347,-2.09069
20:07.6,-2.33453,-2.622,-2.59784,-2.30572,-1.10513,-2.09069
19:17.8,-2.51411,-2.76766,-2.76653,-2.30572,-1.24681,-2.3622
18:28.8,-2.43715,-2.8405,-2.73279,-2.39112,-1.13347,-2.3079
17:36.9,-2.30888,-2.8405,-2.76653,-2.39112,-1.1618,-2.19929
16:48.1,-2.38584,-2.91333,-2.76653,-2.30572,-1.1618,-2.17214
15:57.2,-2.71934,-3.20466,-2.90148,-2.56191,-1.27515,-2.41651
14:53.6,-2.87327,-3.27749,-2.93522,-2.64731,-1.33182,-2.49796
13:57.9,-2.87327,-3.35033,-3.10391,-2.73271,-1.3885,-2.68803
12:50.8,-2.82196,-3.42316,-3.13765,-2.64731,-1.30349,-2.63372
12:01.4,-2.82196,-3.20466,-3.10391,-2.8181,-1.24681,-2.52512
11:12.4,-2.97589,-3.35033,-3.13765,-2.8181,-1.30349,-2.63372
10:15.2,-2.87327,-3.27749,-3.10391,-2.73271,-1.24681,-2.55227
09:20.9,-2.64238,-3.05899,-3.0027,-2.64731,-1.1618,-2.41651
08:28.1,-2.77065,-3.05899,-3.07018,-2.73271,-1.21848,-2.55227
07:34.7,-2.82196,-3.27749,-3.13765,-2.73271,-1.21848,-2.57942
06:40.4,-2.79631,-3.20466,-3.03644,-2.73271,-1.21848,-2.55227
05:47.5,-2.82196,-3.05899,-3.03644,-2.64731,-1.21848,-2.52512
04:56.3,-2.89892,-2.98616,-2.93522,-2.56191,-1.10513,-2.38936
04:00.4,-3.00154,-3.20466,-3.10391,-2.8181,-1.1618,-2.60657
03:02.5,-3.23243,-3.35033,-3.23887,-2.9035,-1.19014,-2.76948
02:13.0,-3.15546,-3.35033,-3.23887,-2.8181,-1.1618,-2.71518
01:18.2,-3.0785,-3.20466,-3.17139,-2.8181,-1.19014,-2.68803
00:30.2,-3.00154,-3.20466,-3.13765,-2.64731,-1.27515,-2.63372
59:43.9,-3.00154,-3.20466,-3.13765,-2.64731,-1.27515,-2.63372
58:53.4,-2.95023,-3.20466,-3.13765,-2.8181,-1.30349,-2.55227
58:02.6,-3.15546,-3.49599,-3.37382,-2.9889,-1.44517,-2.85094
57:13.3,-3.15546,-3.49599,-3.37382,-2.9889,-1.44517,-2.85094
56:26.7,-3.18112,-3.56883,-3.4413,-3.0743,-1.47351,-2.79663
55:36.9,-3.23243,-3.71449,-3.50877,-3.24509,-1.64353,-2.90524
54:47.4,-3.12981,-3.78733,-3.50877,-3.15969,-1.61519,-3.041
54:00.8,-3.12981,-3.78733,-3.50877,-3.15969,-1.61519,-3.041
53:11.9,-3.18112,-3.64166,-3.50877,-2.9889,-1.7002,-2.9867
52:23.7,-3.05285,-3.49599,-3.30634,-2.9889,-1.50184,-2.87809
51:35.9,-3.0785,-3.71449,-3.37382,-3.15969,-1.55852,-3.14961
50:48.5,-3.15546,-3.56883,-3.30634,-3.0743,-1.55852,-3.0953
49:59.2,-2.97589,-3.42316,-3.07018,-2.9035,-1.47351,-2.82378
49:08.7,-2.64238,-2.98616,-2.73279,-2.64731,-1.13347,-2.52512
48:19.7,-2.51411,-2.8405,-2.73279,-2.56191,-0.96345,-2.44366
47:31.1,-2.41149,-2.76766,-2.5641,-2.56191,-0.93511,-2.28075
46:42.0,-2.48846,-2.98616,-2.66532,-2.56191,-1.10513,-2.49796
45:54.9,-2.33453,-3.05899,-2.80027,-2.56191,-1.27515,-2.60657
45:05.8,-2.28322,-2.8405,-2.69906,-2.39112,-0.99178,-2.22645
44:16.2,-2.25757,-2.8405,-2.66532,-2.64731,-0.99178,-2.3079
43:29.2,-2.25757,-2.8405,-2.66532,-2.64731,-0.99178,-2.3079
42:41.8,-2.56542,-3.13183,-2.90148,-2.73271,-1.19014,-2.71518
41:52.2,-2.56542,-3.13183,-2.86775,-2.8181,-1.13347,-2.63372
41:03.8,-2.56542,-3.13183,-2.86775,-2.8181,-1.13347,-2.63372
40:16.9,-2.41149,-3.13183,-2.93522,-2.73271,-1.04846,-2.60657
39:26.0,-2.33453,-2.98616,-2.80027,-2.56191,-0.87844,-2.41651
38:36.1,-2.48846,-3.13183,-2.83401,-2.8181,-0.93511,-2.47081
37:48.9,-2.48846,-3.13183,-2.83401,-2.8181,-0.93511,-2.47081
37:00.2,-2.36018,-2.98616,-2.86775,-2.64731,-1.04846,-2.57942
36:11.7,-2.23191,-2.76766,-2.5641,-2.30572,-0.70842,-2.22645
35:25.0,-2.1293,-2.76766,-2.5641,-2.22032,-0.65174,-2.06354
34:37.9,-2.1293,-2.76766,-2.5641,-2.22032,-0.65174,-2.06354
33:47.9,-2.10364,-2.33066,-2.36167,-2.22032,-0.56673,-1.81917
32:58.2,-2.20626,-2.185,-2.36167,-2.30572,-0.5384,-1.95493
32:11.2,-2.20626,-2.185,-2.36167,-2.30572,-0.5384,-1.95493
31:21.5,-2.23191,-2.4035,-2.5641,-2.39112,-0.82176,-2.06354
30:31.8,-2.28322,-2.69483,-2.76653,-2.64731,-0.90677,-2.2536
29:44.7,-2.1293,-2.54916,-2.59784,-2.39112,-0.8501,-2.14499
28:56.0,-2.4628,-2.8405,-2.93522,-2.64731,-1.10513,-2.33505
28:08.0,-2.4628,-2.8405,-2.93522,-2.64731,-1.10513,-2.33505
27:18.3,-2.36018,-3.13183,-3.23887,-2.9889,-1.04846,-2.49796
26:31.3,-2.36018,-3.13183,-3.23887,-2.9889,-1.04846,-2.49796
25:41.4,-2.48846,-3.13183,-3.2726,-2.9889,-1.21848,-2.71518
24:51.2,-2.25757,-3.35033,-3.47503,-3.15969,-1.21848,-2.95954
24:04.5,-2.25757,-3.35033,-3.47503,-3.15969,-1.21848,-2.95954
23:13.6,-2.25757,-3.13183,-3.34008,-2.9889,-1.04846,-2.68803
22:25.9,-2.53976,-3.20466,-3.37382,-3.24509,-1.21848,-2.93239
21:37.3,-2.53976,-3.49599,-3.64372,-3.15969,-1.30349,-2.95954
20:48.4,-2.61673,-3.56883,-3.77868,-3.41588,-1.36016,-3.01385
20:01.6,-2.61673,-3.56883,-3.77868,-3.41588,-1.36016,-3.01385
19:13.6,-2.89892,-4.29716,-4.11606,-3.67208,-1.72853,-3.42112
18:27.6,-2.89892,-4.29716,-4.11606,-3.67208,-1.72853,-3.42112
17:38.9,-2.82196,-4.22433,-3.98111,-3.67208,-1.64353,-3.39397
16:49.8,-2.51411,-3.93299,-3.60999,-3.41588,-1.21848,-3.06815
16:00.4,-2.61673,-4.15149,-3.84615,-3.58668,-1.41683,-3.28537
15:13.7,-2.56542,-4.15149,-3.74494,-3.41588,-1.36016,-3.06815
14:23.6,-2.56542,-4.15149,-3.74494,-3.41588,-1.36016,-3.06815
13:29.9,-2.36018,-3.86016,-3.37382,-3.15969,-1.07679,-2.74233
12:41.0,-2.20626,-3.56883,-3.2726,-3.15969,-1.02012,-2.68803
11:49.9,-2.05233,-2.98616,-2.90148,-2.73271,-0.8501,-2.47081
10:58.5,-1.87276,-2.8405,-2.66532,-2.39112,-0.48172,-2.19929
10:08.1,-1.61621,-2.54916,-2.5641,-2.39112,-0.45339,-1.92778
09:18.6,-1.18009,-2.47633,-2.5641,-2.39112,-0.45339,-1.81917
08:25.7,-1.18009,-2.185,-2.42915,-2.30572,-0.39671,-1.73771
07:34.1,-1.12878,-1.60233,-1.99055,-1.96413,-0.05667,-1.22183
06:44.4,-1.2314,-1.748,-2.12551,-1.79334,-0.08501,-1.35759
05:54.7,-1.33402,-1.82083,-2.22672,-1.70794,-0.17002,-1.5205
05:02.1,-1.33402,-2.03933,-2.36167,-1.79334,-0.25503,-1.71056
04:10.4,-1.2314,-1.9665,-2.19298,-1.62254,-0.28337,-1.41189
03:20.6,-1.25705,-1.9665,-2.42915,-1.70794,-0.39671,-1.54765
02:30.5,-1.28271,-1.82083,-2.36167,-1.70794,-0.39671,-1.38474
01:38.2,-1.38533,-1.9665,-2.59784,-1.79334,-0.34004,-1.5205
00:47.2,-1.48794,-2.47633,-3.0027,-2.13493,-0.65174,-1.98208
59:59.1,-0.97486,-2.11216,-2.09177,-1.79334,-0.36838,-1.4662
59:10.6,-0.84659,-2.03933,-1.8556,-1.79334,-0.36838,-1.43904
58:20.5,-0.64135,-1.60233,-1.5857,-1.53715,-0.02834,-1.11322
57:34.0,-0.74397,-1.82083,-1.61943,-1.62254,-0.05667,-1.22183
56:43.9,-0.59005,-1.45666,-1.417,-1.45175,0.08501,-1.03177
55:54.3,-0.59005,-1.38383,-1.31579,-1.36635,0.028337,-0.95031
55:07.2,-0.43612,-1.23816,-1.24831,-1.19556,0.056673,-0.7331
54:19.1,-0.46178,-1.16533,-1.1471,-1.28096,0.113347,-0.67879
53:30.8,-0.59005,-1.01966,-1.01215,-1.19556,0.17002,-0.51588
52:43.9,-0.59005,-1.0925,-1.07962,-1.11016,0.141683,-0.51588
51:55.4,-0.25654,-0.58267,-0.77598,-0.76857,0.396713,-0.19006
51:06.1,-0.15393,-0.29133,-0.53981,-0.68318,0.595069,0.081455
50:16.9,-0.15393,-0.437,-0.67476,-0.76857,0.42505,-0.08146
49:28.7,0,-0.29133,-0.4386,-0.51238,0.51006,0.135759
48:41.1,0,-0.437,-0.47233,-0.59778,0.42505,0.081455
47:53.1,0.025654,-0.2185,-0.40486,-0.34159,0.51006,0.162911
47:07.7,0.025654,-0.2185,-0.40486,-0.34159,0.51006,0.162911
46:18.9,0.051308,0,-0.37112,-0.34159,0.623406,0.135759
45:31.1,0.051308,-0.14567,-0.50607,-0.34159,0.538396,0.054304
44:44.2,0.153925,-0.2185,-0.60729,-0.42699,0.481723,-0.10861
43:58.5,0.153925,-0.14567,-0.53981,-0.51238,0.51006,0.081455
43:10.2,0.153925,-0.14567,-0.53981,-0.51238,0.51006,0.081455
42:20.5,0.153925,-0.437,-0.64103,-0.51238,0.368376,-0.08146
41:32.0,0.153925,-0.50983,-0.60729,-0.59778,0.368376,-0.13576
40:44.6,-0.20523,-0.72833,-0.84345,-0.68318,0.25503,-0.35297
39:56.5,0,-0.2185,-0.26991,-0.42699,0.51006,0.054304
39:10.2,0.025654,-0.07283,-0.20243,-0.42699,0.453386,0.108607
38:24.1,0.128271,0,-0.13495,-0.25619,0.566733,0.190062
37:35.3,0.230888,0.072833,-0.03374,0,0.708416,0.380125
36:47.4,0.487429,0.2185,0.202429,0,0.821763,0.46158
36:02.2,0.487429,0.2185,0.202429,0,0.821763,0.46158
35:12.7,0.487429,0.509832,0.269906,0.085397,0.736753,0.597339
34:22.3,0.692663,0.655499,0.404858,0.256191,1.076792,0.705946
33:37.0,0.692663,0.655499,0.404858,0.256191,1.076792,0.705946
32:47.6,0.461775,0.801165,0.438596,0,1.161802,0.651643
31:59.1,0.461775,0.801165,0.438596,0.256191,1.161802,0.624491
31:12.1,0.256542,0.509832,0.236167,0.085397,0.963446,0.407277
30:22.8,0.282196,0.436999,0.168691,0,0.821763,0.325821
29:34.4,0.282196,0.436999,0.168691,0,0.821763,0.325821
28:48.1,0.384813,0.582666,0.438596,0.170794,1.076792,0.570187
28:00.6,0.513084,0.728332,0.438596,0.256191,1.161802,0.624491
27:12.3,0.538738,0.436999,0.269906,0.085397,1.105129,0.434428
26:24.8,0.692663,1.019665,0.438596,0.256191,1.275149,0.678794
25:37.9,0.820934,1.092498,0.641026,0.341588,1.275149,0.92316
24:49.2,0.718317,0.873999,0.472335,0.256191,1.161802,0.733098
24:00.5,0.872242,1.165331,0.641026,0.512383,1.275149,0.950312
23:13.9,0.79528,1.165331,0.539811,0.512383,1.218475,0.841705
22:24.8,0.692663,1.092498,0.573549,0.512383,1.161802,0.868857
21:35.7,0.436121,0.728332,0.269906,0.256191,0.906772,0.624491
20:48.7,0.436121,0.728332,0.269906,0.256191,0.906772,0.624491
19:58.7,0.333504,0.582666,0.202429,0.170794,0.850099,0.325821
19:11.4,0.256542,0.582666,0.168691,0,0.765089,0.407277
18:25.7,-0.10262,0.2185,0,-0.17079,0.566733,0.271518
17:39.3,-0.10262,0.436999,0.033738,0,0.566733,0.407277
16:51.1,0.179579,0.655499,0.269906,0.170794,0.850099,0.787402
16:03.0,0.076963,0.364166,0.202429,0.085397,0.736753,0.733098
15:17.7,0.128271,0.582666,0.168691,0.170794,0.765089,0.678794
14:28.9,0,0.509832,0.168691,0.256191,0.736753,0.705946
13:40.6,0,0.509832,0.168691,0.256191,0.736753,0.705946
12:55.0,0.051308,0.655499,0.37112,0.426985,0.850099,0.977464
12:06.8,-0.07696,0.436999,0.236167,0.170794,0.821763,0.76025
11:19.5,-0.05131,0.145666,0.101215,0.170794,0.651743,0.651643
10:33.1,-0.05131,0.145666,0.101215,0.170794,0.651743,0.651643
09:45.6,-0.17958,0.2185,0.134953,0.170794,0.595069,0.651643
08:58.1,-0.05131,0.291333,0.337382,0.341588,0.821763,0.733098
08:10.1,-0.17958,0.364166,0.37112,0.256191,0.793426,0.678794
07:25.5,-0.05131,0.2185,0.404858,0.256191,0.878436,0.733098
06:37.0,-0.3335,-0.14567,0.134953,-0.17079,0.481723,0.271518
05:49.8,-0.3335,0,0.067476,0.170794,0.481723,0.352973
05:05.0,-0.64135,-0.29133,-0.06748,-0.17079,0.226693,0
04:20.1,-0.74397,-0.58267,-0.23617,-0.34159,0.028337,-0.24437
03:34.2,-0.74397,-0.58267,-0.23617,-0.34159,0.028337,-0.24437
02:49.0,-0.64135,-0.437,-0.10121,-0.25619,0.056673,-0.19006
02:04.0,-0.56439,0,0,0,0.283366,0.054304
01:19.3,-0.38481,0.072833,0.202429,0.170794,0.453386,0.29867
00:35.0,-0.38481,0.072833,0.202429,0.170794,0.453386,0.29867
59:47.7,-0.6157,0,0.337382,0.170794,0.595069,0.29867
58:58.8,-0.25654,0.436999,0.573549,0.512383,0.680079,0.488732
58:14.2,-0.25654,0.436999,0.573549,0.512383,0.680079,0.488732
57:27.6,-0.25654,0.582666,0.539811,0.512383,0.708416,0.407277
56:40.4,-0.43612,-0.14567,0.202429,0.170794,0.566733,0.054304
55:53.3,-0.71832,-0.6555,-0.26991,-0.25619,0.226693,-0.67879
55:07.8,-0.71832,-0.6555,-0.33738,-0.0854,0.08501,-0.92316
54:22.2,-0.71832,-0.6555,-0.33738,-0.0854,0.08501,-0.92316
53:34.4,-0.69266,-0.94683,-0.37112,-0.34159,0.113347,-1.03177
52:47.1,-0.23089,-0.72833,-0.16869,-0.0854,0.283366,-0.7874
51:57.4,0.205233,0.145666,0.438596,0.512383,0.708416,-0.02715
51:09.1,0.513084,0.145666,0.472335,0.512383,0.765089,-0.08146
50:22.8,0.564392,0.364166,0.539811,0.59778,0.878436,0.135759
49:35.1,0.564392,0.364166,0.539811,0.683177,0.878436,0.244366
48:46.7,0.692663,0.801165,0.74224,0.768574,1.020119,0.515884
47:58.5,0.923551,0.801165,0.877193,0.939368,1.105129,0.787402
47:11.5,1.077476,0.655499,0.944669,0.939368,1.133466,0.896009
46:07.4,1.693176,1.82083,1.889339,1.707942,1.785208,1.954928
45:22.0,1.334017,1.456664,1.68691,1.451751,1.615188,1.601955
44:38.3,1.334017,1.383831,1.653171,1.280956,1.501842,1.5205
43:53.1,1.334017,1.310998,1.551957,1.366354,1.303485,1.411892
43:08.1,1.436634,1.529497,1.720648,1.195559,1.388495,1.629107
42:25.0,1.436634,1.747997,1.889339,1.366354,1.331822,1.873473
41:40.0,1.308363,1.238165,1.551957,1.110162,1.161802,1.547651
40:54.6,1.308363,1.238165,1.551957,1.110162,1.161802,1.547651
40:09.3,1.847101,1.383831,1.585695,1.451751,1.331822,1.792017
39:21.3,1.744484,1.747997,1.653171,1.537148,1.558515,1.927776
38:36.3,1.436634,1.456664,1.383266,1.366354,1.331822,1.656258
37:53.2,1.231401,1.019665,0.978408,1.110162,1.133466,1.276134
37:06.1,1.590559,1.675164,1.315789,1.622545,1.728535,1.710562
36:10.7,1.590559,1.82083,1.315789,1.451751,1.700198,1.710562
35:25.9,1.539251,1.383831,1.248313,0.853971,1.700198,1.411892
33:32.1,0.872242,0.436999,0.506073,0.853971,1.218475,0.678794
32:46.2,0.718317,0.436999,0.438596,0.683177,1.530179,1.004616
32:04.5,0.820934,0.655499,0.843455,1.024765,1.926891,1.140375
31:21.7,0.820934,0.655499,0.843455,1.024765,1.926891,1.140375
30:38.6,1.334017,2.184996,1.349528,1.793339,2.040238,1.954928
8/11/2020 16:00,,,,,,
8/11/2020 16:00,0,0,0,0,0,0