Period,Alaska Air Group Inc Price,American Airlines Group Inc Price,Delta Air Lines Inc Price,JetBlue Airways Corp Price,Southwest Airlines Co Price,United Airlines Holdings Inc Price
8/11/2020 16:00:00,38.98,13.73,29.64,11.71,35.29,36.83
8/12/2020 9:30:39,39.5,14.03,30.04,11.92,36.01,37.55
8/12/2020 9:31:22,39.3,13.82,29.89,11.83,35.97,37.25
8/12/2020 9:32:04,39.3,13.82,29.89,11.83,35.97,37.25
8/12/2020 9:32:46,39.26,13.79,29.77,11.79,35.83,37.2
8/12/2020 9:33:32,39.32,13.79,29.79,11.81,35.72,37.08
8/12/2020 9:35:26,39.58,13.92,30.01,11.81,35.89,37.35
8/12/2020 9:36:11,39.6,13.98,30.03,11.88,35.89,37.46
8/12/2020 9:37:06,39.6,13.96,30.03,11.9,35.9,37.46
8/12/2020 9:37:53,39.46,13.87,29.93,11.84,35.69,37.3
8/12/2020 9:38:36,39.54,13.93,30.05,11.87,35.76,37.44
8/12/2020 9:39:21,39.66,13.97,30.13,11.89,35.84,37.54
8/12/2020 9:40:09,39.7,13.92,30.11,11.88,35.76,37.49
8/12/2020 9:40:55,39.49,13.9,30.1,11.84,35.7,37.4
8/12/2020 9:41:40,39.49,13.9,30.1,11.84,35.7,37.4
8/12/2020 9:42:25,39.54,13.97,30.2,11.87,35.76,37.52
8/12/2020 9:43:08,39.54,13.94,30.15,11.85,35.78,37.43
8/12/2020 9:43:53,39.5,13.91,30.1,11.87,35.75,37.35
8/12/2020 9:44:38,39.5,13.92,30.13,11.86,35.82,37.39
8/12/2020 9:45:22,39.5,13.93,30.14,11.88,35.86,37.42
8/12/2020 9:46:07,39.64,13.98,30.2,11.91,35.92,37.55
8/12/2020 9:47:12,39.4,13.82,29.92,11.82,35.69,37.16
8/12/2020 9:47:59,39.34,13.84,29.9,11.82,35.68,37.12
8/12/2020 9:48:47,39.25,13.84,29.86,11.8,35.65,37.02
8/12/2020 9:49:35,39.2,13.78,29.8,11.79,35.6,36.92
8/12/2020 9:50:23,39.2,13.78,29.8,11.78,35.6,36.88
8/12/2020 9:51:09,39.18,13.75,29.78,11.77,35.56,36.8
8/12/2020 9:51:57,39.06,13.75,29.77,11.77,35.54,36.82
8/12/2020 9:52:47,38.89,13.63,29.59,11.7,35.39,36.54
8/12/2020 9:53:34,38.71,13.6,29.53,11.67,35.33,36.45
8/12/2020 9:54:22,38.7,13.64,29.54,11.7,35.32,36.49
8/12/2020 9:55:08,38.7,13.64,29.54,11.7,35.32,36.49
8/12/2020 9:55:53,38.7,13.64,29.56,11.68,35.37,36.58
8/12/2020 9:56:40,38.81,13.71,29.7,11.73,35.49,36.85
8/12/2020 9:57:28,38.88,13.81,29.8,11.77,35.54,36.98
8/12/2020 9:58:14,38.88,13.79,29.81,11.77,35.53,37.01
8/12/2020 9:58:59,38.88,13.79,29.81,11.77,35.53,37.01
8/12/2020 9:59:48,38.74,13.73,29.74,11.73,35.5,36.94
8/12/2020 10:00:35,38.83,13.74,29.7,11.73,35.45,36.94
8/12/2020 10:01:19,38.83,13.74,29.7,11.73,35.45,36.94
8/12/2020 10:02:04,38.76,13.73,29.64,11.71,35.39,36.85
8/12/2020 10:02:49,38.73,13.67,29.61,11.68,35.31,36.76
8/12/2020 10:03:34,38.69,13.65,29.57,11.67,35.3,36.74
8/12/2020 10:04:20,38.69,13.65,29.57,11.67,35.3,36.74
8/12/2020 10:05:05,38.73,13.69,29.62,11.69,35.37,36.83
8/12/2020 10:05:50,38.85,13.73,29.66,11.73,35.46,36.96
8/12/2020 10:06:37,38.85,13.71,29.68,11.69,35.46,36.93
8/12/2020 10:07:26,38.96,13.76,29.76,11.74,35.6,37.1
8/12/2020 10:08:10,38.91,13.78,29.75,11.74,35.57,37.08
8/12/2020 10:08:58,38.96,13.77,29.74,11.75,35.58,37.1
8/12/2020 10:09:46,38.91,13.76,29.68,11.73,35.5,37.07
8/12/2020 10:10:33,38.96,13.75,29.67,11.73,35.52,37.07
8/12/2020 10:11:19,38.96,13.75,29.67,11.73,35.52,37.07
8/12/2020 10:12:07,38.95,13.79,29.71,11.73,35.58,37.11
8/12/2020 10:12:55,39,13.82,29.75,11.76,35.59,37.19
8/12/2020 10:13:41,38.98,13.8,29.69,11.74,35.55,37.09
8/12/2020 10:14:29,38.98,13.8,29.69,11.74,35.55,37.09
8/12/2020 10:15:18,39.03,13.81,29.69,11.73,35.56,37.08
8/12/2020 10:16:03,39.01,13.78,29.7,11.72,35.55,37.1
8/12/2020 10:16:51,39.05,13.82,29.72,11.73,35.59,37.12
8/12/2020 10:17:39,38.94,13.79,29.65,11.71,35.49,36.98
8/12/2020 10:18:26,38.94,13.76,29.64,11.69,35.49,36.93
8/12/2020 10:19:11,39.08,13.81,29.69,11.71,35.56,36.98
8/12/2020 10:19:59,39.11,13.81,29.7,11.73,35.59,36.95
8/12/2020 10:20:49,39.15,13.83,29.72,11.74,35.61,37.06
8/12/2020 10:21:36,39.15,13.83,29.72,11.74,35.61,37.06
8/12/2020 10:22:25,39.25,13.88,29.81,11.77,35.7,37.15
8/12/2020 10:23:14,39.29,13.89,29.8,11.77,35.72,37.14
8/12/2020 10:24:01,39.32,13.89,29.83,11.77,35.74,37.18
8/12/2020 10:24:49,39.26,13.85,29.78,11.74,35.7,37.1
8/12/2020 10:25:38,39.3,13.88,29.83,11.75,35.74,37.17
8/12/2020 10:26:25,39.25,13.87,29.77,11.74,35.74,37.08
8/12/2020 10:27:12,39.19,13.79,29.72,11.72,35.68,36.99
8/12/2020 10:28:01,39.18,13.83,29.77,11.74,35.7,37.06
8/12/2020 10:28:48,39.13,13.81,29.77,11.73,35.67,37.04
8/12/2020 10:29:34,39.09,13.79,29.69,11.71,35.58,36.95
8/12/2020 10:30:23,39.09,13.79,29.69,11.71,35.58,36.95
8/12/2020 10:31:12,39.08,13.8,29.71,11.72,35.63,36.98
8/12/2020 10:31:59,39.16,13.84,29.77,11.74,35.7,37.06
8/12/2020 10:32:48,39.16,13.84,29.77,11.71,35.7,37.07
8/12/2020 10:33:37,39.25,13.82,29.76,11.74,35.67,37.09
8/12/2020 10:34:22,39.25,13.82,29.76,11.74,35.67,37.09
8/12/2020 10:35:13,39.17,13.8,29.72,11.72,35.55,37.05
8/12/2020 10:36:02,39.17,13.76,29.7,11.71,35.58,37
8/12/2020 10:36:47,39.17,13.76,29.7,11.71,35.58,37
8/12/2020 10:37:35,39.07,13.74,29.63,11.71,35.54,36.97
8/12/2020 10:38:24,39.03,13.73,29.6,11.68,35.49,36.9
8/12/2020 10:39:10,38.99,13.72,29.58,11.66,35.45,36.87
8/12/2020 10:39:56,38.98,13.7,29.56,11.66,35.47,36.85
8/12/2020 10:40:45,38.9,13.63,29.39,11.63,35.38,36.7
8/12/2020 10:41:32,39.04,13.66,29.46,11.64,35.42,36.78
8/12/2020 10:42:20,39.04,13.67,29.45,11.65,35.42,36.8
8/12/2020 10:43:10,39.04,13.71,29.48,11.65,35.47,36.86
8/12/2020 10:43:59,39.04,13.71,29.48,11.65,35.47,36.86
8/12/2020 10:44:44,39.04,13.7,29.46,11.66,35.46,36.79
8/12/2020 10:45:31,39,13.71,29.49,11.67,35.48,36.85
8/12/2020 10:46:19,39,13.73,29.53,11.67,35.51,36.88
8/12/2020 10:47:08,38.99,13.7,29.52,11.67,35.47,36.89
8/12/2020 10:47:53,38.99,13.7,29.52,11.67,35.47,36.89
8/12/2020 10:48:41,38.98,13.67,29.5,11.64,35.44,36.86
8/12/2020 10:49:29,38.98,13.69,29.51,11.65,35.47,36.88
8/12/2020 10:50:17,38.92,13.67,29.44,11.62,35.44,36.8
8/12/2020 10:51:06,38.92,13.69,29.48,11.63,35.5,36.86
8/12/2020 10:51:55,38.88,13.65,29.41,11.62,35.43,36.76
8/12/2020 10:52:44,38.75,13.58,29.32,11.58,35.34,36.64
8/12/2020 10:53:31,38.75,13.59,29.34,11.57,35.35,36.64
8/12/2020 10:54:19,38.8,13.57,29.3,11.56,35.33,36.58
8/12/2020 10:55:07,38.81,13.56,29.27,11.57,35.31,36.56
8/12/2020 10:55:54,38.75,13.54,29.25,11.55,35.3,36.48
8/12/2020 10:56:44,38.75,13.53,29.22,11.54,35.32,36.45
8/12/2020 10:57:34,38.69,13.48,29.16,11.52,35.27,36.38
8/12/2020 10:58:21,38.73,13.51,29.17,11.53,35.28,36.42
8/12/2020 10:59:11,38.65,13.45,29.09,11.5,35.16,36.3
8/12/2020 10:59:59,38.6,13.44,29.02,11.5,35.16,36.29
8/12/2020 11:00:47,38.4,13.39,28.75,11.46,35.06,36.1
8/12/2020 11:01:38,38.44,13.46,28.87,11.5,35.17,36.27
8/12/2020 11:02:31,38.48,13.48,28.94,11.51,35.15,36.32
8/12/2020 11:03:21,38.49,13.46,28.92,11.51,35.15,36.26
8/12/2020 11:04:10,38.5,13.46,28.99,11.52,35.19,36.31
8/12/2020 11:05:02,38.46,13.45,28.94,11.5,35.2,36.2
8/12/2020 11:05:55,38.46,13.48,28.98,11.51,35.23,36.27
8/12/2020 11:06:44,38.5,13.49,29.01,11.5,35.26,36.33
8/12/2020 11:07:34,38.54,13.51,29.05,11.48,35.27,36.38
8/12/2020 11:08:26,38.52,13.43,28.92,11.44,35.15,36.19
8/12/2020 11:09:19,38.52,13.39,28.88,11.43,35.13,36.16
8/12/2020 11:10:08,38.35,13.38,28.88,11.43,35.13,36.12
8/12/2020 11:10:58,38.25,13.34,28.85,11.43,35.12,36.02
8/12/2020 11:11:50,38.18,13.32,28.78,11.39,34.99,35.92
8/12/2020 11:12:41,38.12,13.24,28.67,11.34,34.93,35.84
8/12/2020 11:13:30,38.06,13.2,28.64,11.34,34.91,35.82
8/12/2020 11:14:24,37.98,13.16,28.53,11.31,34.81,35.7
8/12/2020 11:15:14,37.98,13.16,28.53,11.31,34.81,35.7
8/12/2020 11:16:00,37.96,13.16,28.5,11.29,34.79,35.62
8/12/2020 11:16:50,38,13.19,28.57,11.31,34.86,35.7
8/12/2020 11:17:39,37.88,13.15,28.46,11.28,34.71,35.58
8/12/2020 11:18:28,37.85,13.14,28.42,11.28,34.68,35.57
8/12/2020 11:19:14,37.85,13.14,28.42,11.28,34.68,35.57
8/12/2020 11:20:02,37.96,13.24,28.52,11.31,34.81,35.72
8/12/2020 11:20:48,37.96,13.24,28.52,11.31,34.81,35.72
8/12/2020 11:21:37,37.99,13.25,28.56,11.34,34.83,35.74
8/12/2020 11:22:26,37.99,13.29,28.64,11.33,34.86,35.75
8/12/2020 11:23:14,38.1,13.3,28.65,11.36,34.92,35.84
8/12/2020 11:24:04,38.1,13.27,28.61,11.34,34.86,35.74
8/12/2020 11:24:51,38.1,13.27,28.61,11.34,34.86,35.74
8/12/2020 11:25:41,38.01,13.3,28.67,11.36,34.86,35.83
8/12/2020 11:26:31,38.06,13.3,28.68,11.36,34.92,35.91
8/12/2020 11:27:18,38.06,13.3,28.68,11.36,34.92,35.91
8/12/2020 11:28:08,38.02,13.34,28.77,11.4,34.9,35.97
8/12/2020 11:28:56,38.02,13.34,28.77,11.4,34.9,35.97
8/12/2020 11:29:45,38.15,13.38,28.87,11.43,34.99,36.04
8/12/2020 11:30:32,38.09,13.36,28.82,11.4,34.97,36
8/12/2020 11:31:21,38.11,13.4,28.88,11.43,35,36.07
8/12/2020 11:32:11,38.12,13.43,28.94,11.44,35.1,36.11
8/12/2020 11:32:58,38.12,13.43,28.94,11.44,35.1,36.11
8/12/2020 11:33:48,38.16,13.41,28.94,11.45,35.09,36.16
8/12/2020 11:34:38,38.15,13.35,28.88,11.45,35.06,36.07
8/12/2020 11:35:25,38.15,13.35,28.88,11.45,35.06,36.07
8/12/2020 11:36:12,38.11,13.35,28.88,11.44,35.04,36.01
8/12/2020 11:37:00,38.06,13.32,28.79,11.4,34.92,35.88
8/12/2020 11:37:49,38.01,13.3,28.8,11.38,34.96,35.92
8/12/2020 11:38:36,38.01,13.3,28.8,11.38,34.96,35.92
8/12/2020 11:39:26,38.07,13.32,28.81,11.41,34.98,35.94
8/12/2020 11:40:17,38.04,13.3,28.77,11.39,34.92,35.87
8/12/2020 11:41:04,37.98,13.3,28.79,11.38,34.89,35.86
8/12/2020 11:41:52,37.98,13.3,28.79,11.38,34.89,35.86
8/12/2020 11:42:42,37.98,13.3,28.78,11.39,34.87,35.83
8/12/2020 11:43:29,38.1,13.34,28.85,11.4,34.94,35.98
8/12/2020 11:44:16,38.1,13.34,28.85,11.4,34.94,35.98
8/12/2020 11:45:06,38.09,13.34,28.84,11.43,34.94,36.01
8/12/2020 11:45:55,38.07,13.31,28.81,11.41,34.84,35.87
8/12/2020 11:46:42,38.01,13.32,28.85,11.41,34.9,35.91
8/12/2020 11:47:31,38.04,13.35,28.88,11.41,34.96,35.99
8/12/2020 11:48:20,38,13.34,28.83,11.41,34.95,35.93
8/12/2020 11:49:09,37.95,13.32,28.83,11.4,34.89,35.9
8/12/2020 11:49:59,37.82,13.26,28.73,11.37,34.77,35.79
8/12/2020 11:50:48,37.75,13.24,28.66,11.35,34.74,35.69
8/12/2020 11:51:36,37.78,13.22,28.64,11.34,34.74,35.67
8/12/2020 11:52:24,37.79,13.25,28.66,11.36,34.76,35.77
8/12/2020 11:53:12,37.74,13.23,28.6,11.36,34.69,35.73
8/12/2020 11:54:01,37.76,13.21,28.6,11.34,34.72,35.71
8/12/2020 11:54:47,37.76,13.21,28.6,11.34,34.72,35.71
8/12/2020 11:55:37,37.72,13.22,28.6,11.33,34.71,35.76
8/12/2020 11:56:27,37.74,13.24,28.62,11.35,34.77,35.8
8/12/2020 11:57:13,37.75,13.25,28.64,11.36,34.78,35.78
8/12/2020 11:58:03,37.75,13.25,28.64,11.36,34.78,35.78
8/12/2020 11:58:53,37.83,13.29,28.71,11.38,34.83,35.89
8/12/2020 11:59:44,37.81,13.29,28.71,11.4,34.84,35.86
8/12/2020 12:00:30,37.81,13.29,28.71,11.4,34.84,35.86
8/12/2020 12:01:18,37.78,13.29,28.7,11.38,34.87,35.84
8/12/2020 12:02:13,37.75,13.27,28.68,11.38,34.88,35.83
8/12/2020 12:03:02,37.72,13.27,28.68,11.37,34.87,35.81
8/12/2020 12:04:00,37.81,13.29,28.72,11.38,34.88,35.87
8/12/2020 12:04:56,37.85,13.32,28.77,11.41,34.9,35.95
8/12/2020 12:05:47,37.88,13.31,28.74,11.4,34.86,35.9
8/12/2020 12:06:40,37.89,13.29,28.74,11.39,34.86,35.89
8/12/2020 12:07:35,37.88,13.28,28.71,11.39,34.86,35.88
8/12/2020 12:08:28,37.9,13.31,28.73,11.39,34.86,35.89
8/12/2020 12:09:21,37.95,13.31,28.75,11.4,34.88,35.94
8/12/2020 12:10:15,37.86,13.28,28.72,11.39,34.85,35.89
8/12/2020 12:11:12,37.82,13.27,28.71,11.38,34.83,35.86
8/12/2020 12:12:01,37.88,13.29,28.72,11.38,34.85,35.9
8/12/2020 12:12:51,37.88,13.26,28.71,11.4,34.83,35.86
8/12/2020 12:13:58,37.86,13.27,28.72,11.39,34.8,35.84
8/12/2020 12:14:54,37.86,13.28,28.77,11.4,34.82,35.91
8/12/2020 12:15:57,37.92,13.29,28.78,11.41,34.84,35.94
8/12/2020 12:16:48,38.05,13.33,28.82,11.44,34.88,36.03
8/12/2020 12:17:37,38.08,13.34,28.82,11.43,34.88,36.02
8/12/2020 12:18:29,38.03,13.34,28.83,11.43,34.89,35.98
8/12/2020 12:19:18,38,13.35,28.82,11.44,34.85,35.96
8/12/2020 12:20:08,38.07,13.37,28.87,11.44,34.9,36.06
8/12/2020 12:21:01,38.07,13.38,28.86,11.45,34.89,36.06
8/12/2020 12:22:00,37.99,13.35,28.81,11.42,34.8,35.96
8/12/2020 12:23:03,38.01,13.37,28.85,11.42,34.8,36
8/12/2020 12:24:04,38.01,13.37,28.85,11.42,34.8,36
8/12/2020 12:25:11,38.12,13.41,28.92,11.47,34.91,36.09
8/12/2020 12:26:24,38.18,13.43,28.95,11.47,34.94,36.14
8/12/2020 12:27:51,38.18,13.44,28.98,11.48,34.94,36.15
8/12/2020 12:29:03,38.2,13.46,28.98,11.48,34.95,36.19
8/12/2020 12:30:18,38.12,13.47,28.96,11.48,34.91,36.17
8/12/2020 12:31:53,38.17,13.47,28.97,11.48,34.95,36.24
8/12/2020 12:33:17,38.17,13.48,28.99,11.49,35,36.29
8/12/2020 12:34:53,38.25,13.51,29.05,11.51,35.01,36.4
8/12/2020 12:36:43,38.12,13.46,28.99,11.48,34.95,36.3
8/12/2020 12:38:58,38.13,13.48,28.97,11.48,34.94,36.3
8/12/2020 12:41:11,38.05,13.47,28.95,11.48,34.92,36.24
8/12/2020 12:43:23,38.03,13.48,28.91,11.46,34.84,36.17
8/12/2020 12:45:37,38.04,13.44,28.84,11.44,34.79,36.04
8/12/2020 12:47:52,38.03,13.42,28.84,11.43,34.74,36.03
8/12/2020 12:49:50,38.01,13.4,28.83,11.43,34.72,36.06
8/12/2020 12:51:54,38.02,13.43,28.83,11.42,34.76,36.07
8/12/2020 12:54:09,38.02,13.44,28.83,11.42,34.7,36.07
8/12/2020 12:56:26,38.02,13.43,28.81,11.42,34.75,36.07
8/12/2020 12:58:46,37.99,13.4,28.75,11.4,34.76,35.95
8/12/2020 13:01:11,37.94,13.39,28.74,11.38,34.71,35.98
8/12/2020 13:03:37,37.92,13.38,28.66,11.36,34.66,35.86
8/12/2020 13:06:12,37.95,13.4,28.7,11.38,34.7,35.89
8/12/2020 13:08:34,37.88,13.37,28.65,11.34,34.62,35.8
8/12/2020 13:10:45,37.86,13.34,28.64,11.33,34.6,35.78
8/12/2020 13:12:38,37.84,13.35,28.65,11.33,34.59,35.83
8/12/2020 13:13:34,37.86,13.35,28.69,11.33,34.58,35.86
8/12/2020 13:14:26,37.87,13.36,28.7,11.34,34.6,35.88
8/12/2020 13:15:20,37.85,13.36,28.69,11.34,34.58,35.88
8/12/2020 13:16:16,37.72,13.34,28.66,11.33,34.57,35.8
8/12/2020 13:17:13,37.64,13.3,28.61,11.3,34.46,35.73
8/12/2020 13:18:07,37.6,13.29,28.57,11.29,34.39,35.68
8/12/2020 13:19:03,37.58,13.28,28.56,11.29,34.43,35.65
8/12/2020 13:19:58,37.64,13.32,28.6,11.31,34.46,35.72
8/12/2020 13:20:53,37.64,13.33,28.6,11.31,34.51,35.75
8/12/2020 13:21:51,37.63,13.33,28.6,11.32,34.54,35.75
8/12/2020 13:22:44,37.63,13.33,28.61,11.31,34.54,35.79
8/12/2020 13:23:35,37.64,13.33,28.58,11.31,34.53,35.76
8/12/2020 13:24:33,37.68,13.35,28.6,11.31,34.53,35.79
8/12/2020 13:25:28,37.71,13.37,28.63,11.32,34.59,35.88
8/12/2020 13:26:23,37.74,13.39,28.68,11.34,34.59,35.86
8/12/2020 13:27:16,37.76,13.41,28.66,11.34,34.66,35.84
8/12/2020 13:28:10,37.76,13.41,28.66,11.34,34.66,35.84
8/12/2020 13:29:02,37.76,13.42,28.64,11.34,34.68,35.85
8/12/2020 13:29:55,37.76,13.4,28.64,11.33,34.69,35.81
8/12/2020 13:30:43,37.84,13.44,28.7,11.35,34.72,35.93
8/12/2020 13:31:34,37.91,13.46,28.73,11.36,34.8,35.99
8/12/2020 13:32:28,37.91,13.45,28.74,11.36,34.79,35.99
8/12/2020 13:33:19,37.91,13.44,28.73,11.37,34.77,36
8/12/2020 13:34:09,37.95,13.44,28.75,11.37,34.81,36.01
8/12/2020 13:35:01,37.93,13.4,28.72,11.37,34.79,35.96
8/12/2020 13:35:55,37.92,13.41,28.78,11.36,34.85,36.01
8/12/2020 13:36:45,37.97,13.42,28.77,11.36,34.84,36.01
8/12/2020 13:37:36,37.98,13.43,28.79,11.38,34.83,36.07
8/12/2020 13:38:31,38.01,13.41,28.8,11.39,34.86,36.05
8/12/2020 13:39:27,38.02,13.4,28.79,11.39,34.89,36.04
8/12/2020 13:40:18,38.03,13.38,28.78,11.37,34.85,36
8/12/2020 13:41:05,38.03,13.38,28.78,11.37,34.85,36
8/12/2020 13:41:56,37.95,13.38,28.75,11.36,34.81,35.96
8/12/2020 13:42:46,37.94,13.39,28.76,11.36,34.77,35.96
8/12/2020 13:43:34,37.94,13.38,28.76,11.36,34.77,35.96
8/12/2020 13:44:22,37.97,13.38,28.76,11.36,34.82,35.97
8/12/2020 13:45:11,37.97,13.38,28.76,11.36,34.82,35.97
8/12/2020 13:46:00,37.95,13.37,28.73,11.37,34.8,35.91
8/12/2020 13:46:47,37.89,13.35,28.71,11.35,34.78,35.86
8/12/2020 13:47:37,37.87,13.36,28.72,11.35,34.81,35.87
8/12/2020 13:48:28,37.87,13.35,28.69,11.35,34.75,35.82
8/12/2020 13:49:17,37.87,13.36,28.7,11.34,34.75,35.83
8/12/2020 13:50:05,37.87,13.36,28.7,11.34,34.75,35.83
8/12/2020 13:50:54,37.89,13.36,28.69,11.35,34.75,35.81
8/12/2020 13:51:43,37.89,13.39,28.72,11.36,34.78,35.89
8/12/2020 13:52:30,38,13.4,28.74,11.36,34.82,35.91
8/12/2020 13:53:22,37.94,13.36,28.7,11.36,34.77,35.86
8/12/2020 13:54:11,37.94,13.36,28.7,11.36,34.77,35.86
8/12/2020 13:54:58,37.98,13.38,28.7,11.37,34.78,35.92
8/12/2020 13:55:46,38,13.38,28.72,11.38,34.8,35.96
8/12/2020 13:56:36,38.02,13.41,28.74,11.39,34.83,35.94
8/12/2020 13:57:24,38.02,13.41,28.74,11.39,34.83,35.94
8/12/2020 13:58:11,38.04,13.42,28.76,11.4,34.82,35.99
8/12/2020 13:59:01,38.04,13.42,28.76,11.4,34.82,35.99
8/12/2020 13:59:50,38.04,13.4,28.78,11.4,34.82,35.99
8/12/2020 14:00:38,38.06,13.4,28.78,11.41,34.81,35.97
8/12/2020 14:01:26,38.01,13.38,28.74,11.41,34.8,35.91
8/12/2020 14:02:17,38.02,13.37,28.75,11.4,34.81,35.92
8/12/2020 14:03:06,38.02,13.38,28.75,11.4,34.82,35.94
8/12/2020 14:03:53,38.02,13.38,28.75,11.4,34.82,35.94
8/12/2020 14:04:43,38.06,13.4,28.8,11.42,34.84,35.97
8/12/2020 14:05:33,38.06,13.42,28.8,11.42,34.83,35.94
8/12/2020 14:06:19,38.03,13.4,28.8,11.42,34.81,35.91
8/12/2020 14:07:11,38.01,13.39,28.78,11.42,34.81,35.88
8/12/2020 14:08:02,38.01,13.39,28.78,11.42,34.81,35.88
8/12/2020 14:08:49,37.99,13.38,28.76,11.4,34.79,35.84
8/12/2020 14:09:36,38.01,13.39,28.78,11.41,34.83,35.92
8/12/2020 14:10:29,38.06,13.4,28.81,11.43,34.86,35.99
8/12/2020 14:11:19,38.06,13.4,28.81,11.43,34.84,35.96
8/12/2020 14:12:06,38.06,13.38,28.79,11.42,34.83,35.91
8/12/2020 14:12:55,38.06,13.38,28.79,11.42,34.83,35.91
8/12/2020 14:13:47,38.02,13.38,28.79,11.41,34.85,35.94
8/12/2020 14:14:38,38.03,13.39,28.79,11.42,34.86,35.95
8/12/2020 14:15:25,38.03,13.42,28.84,11.43,34.9,36.01
8/12/2020 14:16:16,38.05,13.42,28.86,11.43,34.92,36.02
8/12/2020 14:17:03,38.05,13.42,28.86,11.43,34.92,36.02
8/12/2020 14:17:51,38.03,13.41,28.82,11.42,34.84,35.97
8/12/2020 14:18:44,38.03,13.42,28.83,11.42,34.84,35.99
8/12/2020 14:19:40,38.01,13.44,28.88,11.44,34.9,36.08
8/12/2020 14:20:30,38.02,13.45,28.89,11.46,34.91,36.12
8/12/2020 14:21:36,38,13.42,28.85,11.42,34.86,36.02
8/12/2020 14:22:28,37.99,13.42,28.84,11.42,34.89,36
8/12/2020 14:23:21,37.99,13.42,28.84,11.42,34.87,35.97
8/12/2020 14:24:17,38.03,13.41,28.86,11.43,34.88,36
8/12/2020 14:25:07,38.03,13.46,28.89,11.45,34.92,36.04
8/12/2020 14:26:09,38.07,13.45,28.9,11.44,34.95,36.07
8/12/2020 14:27:06,38.07,13.45,28.9,11.44,34.95,36.07
8/12/2020 14:28:04,38.16,13.49,28.94,11.47,35,36.17
8/12/2020 14:29:26,38.16,13.52,28.95,11.48,34.99,36.19
8/12/2020 14:30:49,38.17,13.52,28.96,11.47,35.02,36.22
8/12/2020 14:32:33,38.15,13.53,28.98,11.49,35.01,36.22
8/12/2020 14:34:26,38.14,13.5,28.93,11.46,34.99,36.16
8/12/2020 14:36:38,38.18,13.53,28.95,11.49,35.02,36.23
8/12/2020 14:39:03,38.2,13.56,29,11.48,35.02,36.22
8/12/2020 14:41:33,38.16,13.54,28.96,11.48,35,36.18
8/12/2020 14:44:23,38.17,13.52,28.94,11.47,35.05,36.2
8/12/2020 14:47:09,38.22,13.53,28.98,11.48,35.07,36.21
8/12/2020 14:49:25,38.26,13.56,29.03,11.49,35.07,36.27
8/12/2020 14:51:52,38.34,13.58,29.12,11.51,35.18,36.41
8/12/2020 14:54:33,38.34,13.55,29.09,11.52,35.21,36.33
8/12/2020 14:57:26,38.37,13.57,29.12,11.52,35.26,36.4
8/12/2020 15:00:15,38.47,13.62,29.17,11.55,35.28,36.51
8/12/2020 15:03:17,38.35,13.54,29.04,11.51,35.15,36.32
8/12/2020 15:05:47,38.35,13.54,29.03,11.5,35.18,36.28
8/12/2020 15:07:20,38.38,13.56,29.06,11.51,35.24,36.32
8/12/2020 15:08:12,38.36,13.56,29.08,11.51,35.26,36.34
8/12/2020 15:09:03,38.36,13.56,29.08,11.51,35.26,36.34
8/12/2020 15:09:56,38.37,13.56,29.08,11.51,35.26,36.35
8/12/2020 15:10:47,38.41,13.6,29.12,11.54,35.3,36.46
8/12/2020 15:11:35,38.44,13.61,29.16,11.54,35.3,36.49
8/12/2020 15:12:28,38.42,13.58,29.1,11.55,35.25,36.42
8/12/2020 15:13:18,38.42,13.58,29.1,11.55,35.25,36.42
8/12/2020 15:14:07,38.37,13.58,29.09,11.56,35.24,36.38
8/12/2020 15:14:57,38.41,13.59,29.13,11.58,35.26,36.43
8/12/2020 15:15:52,38.42,13.59,29.12,11.56,35.28,36.42
8/12/2020 15:16:49,38.38,13.56,29.09,11.56,35.25,36.38
8/12/2020 15:17:41,38.43,13.58,29.14,11.58,35.31,36.43
8/12/2020 15:18:33,38.43,13.59,29.14,11.59,35.32,36.41
8/12/2020 15:19:29,38.37,13.56,29.1,11.57,35.25,36.36
8/12/2020 15:20:23,38.33,13.55,29.08,11.56,35.24,36.32
8/12/2020 15:21:15,38.33,13.55,29.1,11.56,35.26,36.32
8/12/2020 15:22:05,38.35,13.56,29.11,11.56,35.27,36.4
8/12/2020 15:23:00,38.36,13.55,29.09,11.57,35.23,36.34
8/12/2020 15:23:53,38.34,13.54,29.08,11.56,35.25,36.34
8/12/2020 15:24:45,38.37,13.55,29.09,11.57,35.24,36.34
8/12/2020 15:25:33,38.37,13.55,29.09,11.57,35.24,36.34
8/12/2020 15:26:24,38.36,13.55,29.08,11.57,35.2,36.33
8/12/2020 15:27:16,38.38,13.57,29.12,11.57,35.27,36.38
8/12/2020 15:28:03,38.38,13.57,29.12,11.57,35.27,36.38
8/12/2020 15:28:53,38.4,13.57,29.13,11.57,35.28,36.38
8/12/2020 15:29:43,38.39,13.56,29.15,11.58,35.32,36.35
8/12/2020 15:30:32,38.4,13.55,29.12,11.57,35.26,36.33
8/12/2020 15:31:19,38.4,13.55,29.12,11.57,35.26,36.33
8/12/2020 15:32:10,38.31,13.52,29.06,11.55,35.25,36.27
8/12/2020 15:33:01,38.34,13.52,29.06,11.56,35.25,36.26
8/12/2020 15:33:49,38.34,13.53,29.06,11.55,35.22,36.29
8/12/2020 15:34:38,38.33,13.51,29.06,11.55,35.25,36.26
8/12/2020 15:35:28,38.34,13.52,29.06,11.55,35.25,36.28
8/12/2020 15:36:16,38.35,13.53,29.07,11.55,35.26,36.29
8/12/2020 15:37:03,38.35,13.53,29.07,11.55,35.26,36.29
8/12/2020 15:37:53,38.36,13.54,29.06,11.56,35.23,36.32
8/12/2020 15:38:45,38.35,13.54,29.08,11.56,35.22,36.32
8/12/2020 15:39:33,38.32,13.54,29.06,11.56,35.19,36.29
8/12/2020 15:40:24,38.3,13.53,29.05,11.56,35.19,36.26
8/12/2020 15:41:14,38.31,13.54,29.06,11.56,35.17,36.29
8/12/2020 15:42:03,38.31,13.54,29.07,11.56,35.18,36.33
8/12/2020 15:42:51,38.31,13.54,29.08,11.56,35.14,36.31
8/12/2020 15:43:41,38.31,13.54,29.09,11.56,35.2,36.34
8/12/2020 15:44:32,38.33,13.56,29.12,11.56,35.22,36.37
8/12/2020 15:45:19,38.35,13.57,29.15,11.57,35.25,36.41
8/12/2020 15:46:08,38.35,13.57,29.15,11.57,35.25,36.41
8/12/2020 15:46:57,38.34,13.56,29.12,11.56,35.23,36.4
8/12/2020 15:47:45,38.33,13.55,29.13,11.56,35.22,36.37
8/12/2020 15:48:34,38.36,13.55,29.14,11.56,35.24,36.37
8/12/2020 15:49:25,38.38,13.54,29.12,11.56,35.25,36.34
8/12/2020 15:50:15,38.4,13.56,29.17,11.59,35.27,36.37
8/12/2020 15:51:05,38.39,13.56,29.18,11.58,35.26,36.39
8/12/2020 15:51:52,38.39,13.56,29.18,11.58,35.26,36.39
8/12/2020 15:52:43,38.45,13.57,29.19,11.59,35.24,36.42
8/12/2020 15:53:32,38.46,13.55,29.2,11.6,35.26,36.39
8/12/2020 15:54:19,38.46,13.55,29.2,11.6,35.26,36.39
8/12/2020 15:55:09,38.45,13.56,29.21,11.6,35.25,36.4
8/12/2020 15:55:58,38.45,13.55,29.2,11.6,35.23,36.37
8/12/2020 15:56:47,38.42,13.55,29.18,11.6,35.26,36.34
8/12/2020 15:57:35,38.44,13.56,29.18,11.64,35.28,36.39
8/12/2020 15:58:25,38.44,13.56,29.18,11.64,35.27,36.4
8/12/2020 15:59:15,38.43,13.56,29.18,11.62,35.26,36.39
8/12/2020 16:00:00,38.46,13.54,29.09,11.61,35.25,36.4
8/12/2020 16:00:01,,,,,,
8/13/2020 9:30:48,37.7,13.18,28.68,11.46,34.81,35.82
8/13/2020 9:31:33,37.7,13.19,28.65,11.5,34.84,35.85
8/13/2020 9:32:19,37.7,13.2,28.67,11.4,34.74,35.84
8/13/2020 9:33:04,38,13.31,28.81,11.5,34.9,36.05
8/13/2020 9:33:50,38.29,13.35,28.89,11.55,35.01,36.19
8/13/2020 9:34:36,38.29,13.36,28.9,11.54,34.96,36.26
8/13/2020 9:35:22,38.42,13.43,29.01,11.59,35.03,36.35
8/13/2020 9:36:08,38.42,13.43,28.95,11.55,34.96,36.31
8/13/2020 9:36:54,38.29,13.42,28.94,11.52,34.88,36.29
8/13/2020 9:37:41,38.29,13.45,29.02,11.56,34.97,36.43
8/13/2020 9:38:29,38.29,13.45,29.02,11.56,34.97,36.43
8/13/2020 9:39:14,38.13,13.38,28.96,11.52,34.84,36.32
8/13/2020 9:40:00,38.11,13.33,28.86,11.5,34.79,36.18
8/13/2020 9:40:43,38.11,13.33,28.86,11.5,34.79,36.18
8/13/2020 9:41:28,38.11,13.32,28.8,11.47,34.75,36.07
8/13/2020 9:42:14,38.23,13.41,28.88,11.54,34.88,36.27
8/13/2020 9:42:58,38.23,13.41,28.88,11.54,34.88,36.27
8/13/2020 9:43:42,38.23,13.41,28.91,11.56,34.85,36.34
8/13/2020 9:44:28,38.15,13.34,28.82,11.5,34.75,36.09
8/13/2020 9:45:13,38.16,13.38,28.84,11.51,34.78,36.15
8/13/2020 9:45:58,38.16,13.38,28.86,11.51,34.78,36.15
8/13/2020 9:46:46,38.28,13.44,28.94,11.54,34.87,36.38
8/13/2020 9:47:31,38.28,13.44,28.94,11.54,34.87,36.38
8/13/2020 9:48:18,38.27,13.42,28.91,11.52,34.79,36.38
8/13/2020 9:49:03,38.27,13.42,28.91,11.52,34.79,36.38
8/13/2020 9:49:49,38.37,13.48,29.01,11.56,34.93,36.54
8/13/2020 9:50:33,38.37,13.47,28.98,11.56,34.91,36.52
8/13/2020 9:51:19,38.5,13.54,29.11,11.6,35.02,36.68
8/13/2020 9:52:05,38.62,13.58,29.17,11.63,35.13,36.77
8/13/2020 9:52:53,38.79,13.7,29.36,11.7,35.25,37.08
8/13/2020 9:53:40,38.86,13.74,29.39,11.73,35.35,37.12
8/13/2020 9:54:28,38.9,13.82,29.46,11.75,35.41,37.26
8/13/2020 9:55:14,38.83,13.79,29.49,11.72,35.48,37.21
8/13/2020 9:56:02,38.79,13.67,29.34,11.68,35.36,37.01
8/13/2020 9:56:50,38.8,13.78,29.48,11.72,35.5,37.25
8/13/2020 9:57:35,38.8,13.74,29.4,11.71,35.47,37.12
8/13/2020 9:58:21,38.8,13.73,29.36,11.7,35.5,37.09
8/13/2020 9:59:08,38.8,13.68,29.34,11.68,35.56,36.93
8/13/2020 9:59:53,38.8,13.68,29.34,11.68,35.56,36.93
8/13/2020 10:00:40,38.67,13.74,29.34,11.66,35.5,37.1
8/13/2020 10:01:24,38.67,13.74,29.34,11.66,35.5,37.1
8/13/2020 10:02:11,38.8,13.78,29.4,11.71,35.56,37.19
8/13/2020 10:02:58,38.84,13.88,29.52,11.75,35.68,37.45
8/13/2020 10:03:44,38.92,13.88,29.55,11.75,35.67,37.43
8/13/2020 10:04:30,38.92,13.88,29.55,11.75,35.67,37.43
8/13/2020 10:05:17,38.85,13.83,29.53,11.74,35.63,37.38
8/13/2020 10:06:05,38.86,13.85,29.52,11.74,35.65,37.39
8/13/2020 10:06:50,38.71,13.75,29.46,11.69,35.52,37.25
8/13/2020 10:07:36,38.7,13.79,29.5,11.72,35.6,37.32
8/13/2020 10:08:24,38.79,13.81,29.5,11.74,35.62,37.4
8/13/2020 10:09:11,38.72,13.76,29.42,11.68,35.56,37.2
8/13/2020 10:09:57,38.72,13.76,29.42,11.68,35.56,37.2
8/13/2020 10:10:45,38.68,13.77,29.42,11.68,35.56,37.19
8/13/2020 10:11:31,38.64,13.75,29.37,11.66,35.5,37.1
8/13/2020 10:12:17,38.58,13.74,29.35,11.66,35.49,37.07
8/13/2020 10:13:05,38.63,13.79,29.43,11.67,35.53,37.18
8/13/2020 10:13:54,38.71,13.8,29.43,11.68,35.54,37.2
8/13/2020 10:14:40,38.53,13.72,29.33,11.65,35.34,37.04
8/13/2020 10:15:28,38.55,13.73,29.32,11.66,35.35,37.02
8/13/2020 10:16:16,38.42,13.66,29.22,11.63,35.4,36.91
8/13/2020 10:17:01,38.42,13.66,29.22,11.63,35.4,36.91
8/13/2020 10:17:48,38.47,13.7,29.29,11.63,35.45,36.98
8/13/2020 10:18:35,38.52,13.68,29.26,11.64,35.4,36.86
8/13/2020 10:19:23,38.55,13.78,29.36,11.69,35.48,37.17
8/13/2020 10:20:07,38.55,13.78,29.36,11.69,35.48,37.17
8/13/2020 10:20:55,38.45,13.69,29.28,11.65,35.43,37.03
8/13/2020 10:21:44,38.41,13.67,29.23,11.62,35.39,36.93
8/13/2020 10:22:28,38.41,13.67,29.23,11.62,35.39,36.93
8/13/2020 10:23:13,38.41,13.67,29.22,11.61,35.37,36.87
8/13/2020 10:24:00,38.38,13.6,29.12,11.58,35.34,36.75
8/13/2020 10:24:46,38.38,13.6,29.12,11.58,35.34,36.75
8/13/2020 10:25:34,38.41,13.58,29.1,11.59,35.36,36.65
8/13/2020 10:26:21,38.5,13.66,29.2,11.62,35.43,36.81
8/13/2020 10:27:07,38.45,13.63,29.14,11.62,35.4,36.73
8/13/2020 10:27:55,38.5,13.66,29.18,11.62,35.44,36.81
8/13/2020 10:28:44,38.4,13.62,29.1,11.62,35.37,36.66
8/13/2020 10:29:33,38.39,13.65,29.12,11.6,35.35,36.68
8/13/2020 10:30:19,38.39,13.65,29.12,11.6,35.35,36.68
8/13/2020 10:31:08,38.31,13.52,29.03,11.56,35.29,36.62
8/13/2020 10:31:57,38.31,13.54,29.03,11.53,35.27,36.59
8/13/2020 10:32:43,38.31,13.54,29.03,11.53,35.27,36.59
8/13/2020 10:33:32,38.38,13.56,29.09,11.58,35.36,36.68
8/13/2020 10:34:20,38.34,13.57,29.1,11.54,35.34,36.66
8/13/2020 10:35:08,38.34,13.57,29.1,11.54,35.34,36.66
8/13/2020 10:35:54,38.3,13.57,29.1,11.53,35.32,36.62
8/13/2020 10:36:42,38.32,13.58,29.12,11.54,35.33,36.66
8/13/2020 10:37:32,38.32,13.54,29.06,11.52,35.26,36.52
8/13/2020 10:38:17,38.32,13.54,29.06,11.52,35.26,36.52
8/13/2020 10:39:07,38.21,13.51,29.02,11.5,35.2,36.41
8/13/2020 10:39:56,38.21,13.51,29.02,11.5,35.2,36.41
8/13/2020 10:40:43,38.14,13.5,28.95,11.49,35.13,36.35
8/13/2020 10:41:34,38.22,13.53,29.02,11.52,35.16,36.38
8/13/2020 10:42:24,38.22,13.53,28.99,11.51,35.16,36.33
8/13/2020 10:43:13,38.2,13.53,28.98,11.5,35.14,36.36
8/13/2020 10:43:59,38.24,13.54,28.99,11.5,35.16,36.43
8/13/2020 10:44:50,38.24,13.58,29.05,11.52,35.21,36.52
8/13/2020 10:45:38,38.26,13.57,29.02,11.52,35.17,36.48
8/13/2020 10:46:24,38.32,13.61,29.1,11.54,35.2,36.62
8/13/2020 10:47:09,38.4,13.65,29.17,11.57,35.25,36.72
8/13/2020 10:47:56,38.35,13.65,29.15,11.57,35.23,36.71
8/13/2020 10:48:42,38.35,13.65,29.15,11.57,35.23,36.71
8/13/2020 10:49:29,38.35,13.6,29.09,11.54,35.16,36.59
8/13/2020 10:50:20,38.32,13.57,29.06,11.55,35.24,36.57
8/13/2020 10:51:07,38.32,13.57,29.06,11.55,35.24,36.57
8/13/2020 10:51:53,38.29,13.6,29.09,11.53,35.28,36.65
8/13/2020 10:52:42,38.32,13.59,29.08,11.54,35.25,36.58
8/13/2020 10:53:30,38.36,13.62,29.1,11.57,35.34,36.69
8/13/2020 10:54:17,38.36,13.62,29.1,11.57,35.34,36.69
8/13/2020 10:55:03,38.36,13.62,29.1,11.57,35.32,36.69
8/13/2020 10:55:51,38.34,13.62,29.11,11.57,35.35,36.69
8/13/2020 10:56:36,38.34,13.62,29.11,11.57,35.35,36.69
8/13/2020 10:57:24,38.33,13.6,29.08,11.54,35.32,36.67
8/13/2020 10:58:14,38.33,13.6,29.08,11.54,35.32,36.67
8/13/2020 10:59:05,38.32,13.62,29.09,11.55,35.29,36.67
8/13/2020 10:59:50,38.32,13.62,29.09,11.55,35.29,36.67
8/13/2020 11:00:38,38.27,13.57,29.02,11.53,35.23,36.55
8/13/2020 11:01:26,38.17,13.54,28.96,11.5,35.23,36.51
8/13/2020 11:02:12,38.14,13.51,28.96,11.5,35.23,36.5
8/13/2020 11:03:00,38.14,13.51,28.96,11.5,35.23,36.5
8/13/2020 11:03:49,38.22,13.52,28.97,11.51,35.25,36.5
8/13/2020 11:04:36,38.22,13.52,28.97,11.51,35.25,36.5
8/13/2020 11:05:25,38.12,13.49,28.89,11.47,35.16,36.37
8/13/2020 11:06:14,38.12,13.49,28.89,11.47,35.16,36.37
8/13/2020 11:07:05,38.12,13.49,28.92,11.48,35.17,36.39
8/13/2020 11:07:52,38.11,13.49,28.92,11.48,35.2,36.38
8/13/2020 11:08:40,38.1,13.48,28.88,11.48,35.14,36.3
8/13/2020 11:09:29,38.05,13.44,28.84,11.43,35.09,36.31
8/13/2020 11:10:17,38.01,13.45,28.85,11.42,35.08,36.27
8/13/2020 11:11:04,38.01,13.45,28.85,11.42,35.08,36.27
8/13/2020 11:11:53,38.04,13.47,28.87,11.43,35.12,36.28
8/13/2020 11:12:42,38.05,13.46,28.86,11.42,35.12,36.25
8/13/2020 11:13:29,38.09,13.5,28.9,11.45,35.16,36.33
8/13/2020 11:14:20,38.09,13.48,28.88,11.45,35.15,36.28
8/13/2020 11:15:12,38.05,13.5,28.93,11.45,35.16,36.32
8/13/2020 11:17:12,37.97,13.45,28.82,11.44,35.07,36.14
8/13/2020 11:17:59,37.97,13.47,28.84,11.44,35.08,36.2
8/13/2020 11:18:48,37.97,13.45,28.81,11.41,35.12,36.13
8/13/2020 11:19:39,37.9,13.42,28.77,11.39,35.12,36.07
8/13/2020 11:20:29,37.92,13.41,28.77,11.4,35.09,36.12
8/13/2020 11:21:17,37.92,13.41,28.77,11.41,35.08,36.12
8/13/2020 11:22:10,37.87,13.4,28.76,11.39,35.06,36.09
8/13/2020 11:23:02,37.78,13.37,28.69,11.37,35.01,36
8/13/2020 11:23:51,37.82,13.39,28.73,11.37,35.01,36.02
8/13/2020 11:24:40,37.87,13.39,28.73,11.37,35,36.02
8/13/2020 11:25:32,37.79,13.37,28.72,11.37,35.01,35.99
8/13/2020 11:26:24,37.83,13.4,28.77,11.38,35.06,36.09
8/13/2020 11:27:13,37.81,13.41,28.77,11.38,35.03,36.1
8/13/2020 11:28:03,37.85,13.44,28.79,11.42,34.99,36.16
8/13/2020 11:28:51,37.85,13.44,28.79,11.42,34.99,36.16
8/13/2020 11:29:39,37.85,13.45,28.81,11.42,35.05,36.21
8/13/2020 11:30:28,37.86,13.43,28.75,11.42,35.01,36.13
8/13/2020 11:31:19,37.86,13.43,28.75,11.42,35.01,36.13
8/13/2020 11:32:08,37.94,13.45,28.8,11.44,35.06,36.22
8/13/2020 11:32:55,37.94,13.45,28.8,11.44,35.06,36.22
8/13/2020 11:33:43,37.88,13.46,28.82,11.45,35.06,36.22
8/13/2020 11:34:31,37.91,13.45,28.82,11.43,35.03,36.22
8/13/2020 11:35:18,37.82,13.43,28.78,11.42,34.97,36.13
8/13/2020 11:36:05,37.82,13.42,28.77,11.42,35,36.15
8/13/2020 11:36:53,37.82,13.43,28.77,11.41,34.98,36.13
8/13/2020 11:37:43,37.84,13.45,28.79,11.4,34.99,36.17
8/13/2020 11:38:31,37.84,13.48,28.83,11.43,35.02,36.2
8/13/2020 11:39:18,37.84,13.48,28.83,11.43,35.02,36.2
8/13/2020 11:40:08,37.8,13.47,28.8,11.42,34.96,36.14
8/13/2020 11:40:55,37.8,13.47,28.8,11.42,34.96,36.14
8/13/2020 11:41:43,37.82,13.48,28.78,11.41,34.97,36.11
8/13/2020 11:42:32,37.82,13.48,28.78,11.41,34.97,36.11
8/13/2020 11:43:20,37.88,13.48,28.83,11.44,35.06,36.2
8/13/2020 11:44:07,37.88,13.48,28.83,11.44,35.06,36.2
8/13/2020 11:44:58,37.93,13.48,28.86,11.46,35.08,36.23
8/13/2020 11:45:48,37.91,13.47,28.81,11.45,35.07,36.16
8/13/2020 11:46:34,37.89,13.45,28.79,11.44,35.03,36.1
8/13/2020 11:47:22,37.89,13.45,28.78,11.42,35,36.09
8/13/2020 11:48:12,37.83,13.46,28.78,11.42,34.97,36.09
8/13/2020 11:48:59,37.83,13.47,28.79,11.43,34.99,36.09
8/13/2020 11:49:46,37.83,13.48,28.79,11.43,35,36.09
8/13/2020 11:50:37,37.85,13.5,28.83,11.44,35.03,36.14
8/13/2020 11:51:27,37.85,13.51,28.87,11.45,35.08,36.21
8/13/2020 11:52:14,37.92,13.53,28.85,11.45,35.07,36.2
8/13/2020 11:53:01,37.92,13.52,28.85,11.45,35.07,36.17
8/13/2020 11:53:50,37.94,13.52,28.86,11.45,35.06,36.2
8/13/2020 11:54:37,37.94,13.53,28.88,11.45,35.1,36.24
8/13/2020 11:55:23,38.03,13.55,28.91,11.48,35.13,36.3
8/13/2020 11:56:13,38.03,13.55,28.91,11.48,35.13,36.3
8/13/2020 11:57:04,38.07,13.55,28.94,11.47,35.13,36.37
8/13/2020 11:57:50,38.07,13.56,28.95,11.47,35.12,36.34
8/13/2020 11:58:40,38.07,13.59,28.98,11.49,35.16,36.36
8/13/2020 11:59:30,38.15,13.58,29,11.49,35.18,36.42
8/13/2020 12:00:19,38.13,13.54,28.95,11.48,35.15,36.43
8/13/2020 12:01:06,38.13,13.54,28.95,11.48,35.15,36.43
8/13/2020 12:01:54,38.14,13.55,28.94,11.48,35.14,36.4
8/13/2020 12:02:42,38.08,13.52,28.89,11.45,35.09,36.26
8/13/2020 12:03:29,38.04,13.51,28.87,11.44,35.07,36.27
8/13/2020 12:04:20,38,13.49,28.84,11.42,35,36.18
8/13/2020 12:05:12,38,13.49,28.84,11.42,35,36.18
8/13/2020 12:06:02,38,13.5,28.86,11.43,35.02,36.2
8/13/2020 12:06:58,38.01,13.48,28.86,11.43,35.03,36.18
8/13/2020 12:07:54,38.01,13.48,28.86,11.43,35.03,36.18
8/13/2020 12:08:44,37.98,13.48,28.85,11.42,35.01,36.14
8/13/2020 12:09:40,37.98,13.5,28.92,11.43,35.04,36.24
8/13/2020 12:10:35,37.98,13.5,28.92,11.43,35.04,36.24
8/13/2020 12:11:28,38.03,13.49,28.89,11.42,35.06,36.21
8/13/2020 12:12:20,38.03,13.49,28.89,11.42,35.06,36.21
8/13/2020 12:13:14,37.98,13.48,28.87,11.42,35.03,36.16
8/13/2020 12:14:07,38,13.49,28.88,11.42,35.05,36.21
8/13/2020 12:14:58,37.99,13.49,28.89,11.43,35.04,36.2
8/13/2020 12:16:44,38.01,13.51,28.92,11.46,35.08,36.29
8/13/2020 12:17:43,37.95,13.48,28.89,11.44,35.02,36.22
8/13/2020 12:18:57,37.87,13.45,28.86,11.43,34.98,36.15
8/13/2020 12:19:47,37.88,13.46,28.87,11.44,34.99,36.17
8/13/2020 12:20:38,37.88,13.46,28.87,11.44,34.99,36.17
8/13/2020 12:21:28,37.88,13.45,28.86,11.44,34.97,36.16
8/13/2020 12:22:16,37.86,13.45,28.87,11.44,34.97,36.18
8/13/2020 12:23:03,37.86,13.45,28.87,11.44,34.97,36.18
8/13/2020 12:23:52,37.87,13.46,28.89,11.45,35,36.21
8/13/2020 12:24:53,37.88,13.48,28.88,11.44,35.02,36.2
8/13/2020 12:25:48,37.88,13.47,28.88,11.44,35.01,36.22
8/13/2020 12:26:47,37.88,13.47,28.86,11.43,34.99,36.2
8/13/2020 12:27:53,37.88,13.47,28.86,11.43,34.99,36.2
8/13/2020 12:28:52,37.88,13.49,28.88,11.45,35.01,36.25
8/13/2020 12:29:57,37.9,13.48,28.88,11.44,35,36.23
8/13/2020 12:31:07,37.9,13.48,28.9,11.44,35.03,36.26
8/13/2020 12:32:24,37.9,13.49,28.9,11.45,35.04,36.24
8/13/2020 12:33:44,37.9,13.47,28.84,11.45,35,36.16
8/13/2020 12:35:03,37.9,13.46,28.81,11.44,34.98,36.14
8/13/2020 12:36:34,37.82,13.46,28.8,11.42,34.96,36.12
8/13/2020 12:38:18,37.84,13.46,28.8,11.42,34.97,36.13
8/13/2020 12:40:06,37.84,13.45,28.83,11.42,34.98,36.14
8/13/2020 12:41:59,37.81,13.42,28.79,11.41,34.93,36.04
8/13/2020 12:44:17,37.85,13.41,28.78,11.4,34.92,36.04
8/13/2020 12:46:39,37.9,13.44,28.83,11.41,34.95,36.09
8/13/2020 12:48:39,37.88,13.42,28.82,11.41,34.95,36.05
8/13/2020 12:50:31,37.9,13.44,28.86,11.41,34.95,36.12
8/13/2020 12:52:48,37.9,13.42,28.84,11.43,34.97,36.06
8/13/2020 12:55:02,37.9,13.4,28.82,11.4,34.92,36.03
8/13/2020 12:57:12,37.88,13.4,28.83,11.39,34.93,35.99
8/13/2020 12:59:36,37.88,13.4,28.8,11.39,34.9,35.93
8/13/2020 13:01:55,37.9,13.41,28.83,11.4,34.94,35.98
8/13/2020 13:04:12,37.96,13.43,28.84,11.41,34.94,35.95
8/13/2020 13:06:29,37.94,13.42,28.85,11.41,34.97,35.97
8/13/2020 13:08:35,37.96,13.43,28.84,11.42,34.97,35.96
8/13/2020 13:10:52,38,13.46,28.92,11.45,35.02,36.12
8/13/2020 13:13:00,37.96,13.46,28.91,11.45,35.01,36.08
8/13/2020 13:14:08,37.96,13.44,28.88,11.45,34.99,36.04
8/13/2020 13:15:01,37.96,13.45,28.92,11.44,35.01,36.12
8/13/2020 13:16:51,38.03,13.45,28.92,11.45,35.03,36.1
8/13/2020 13:17:41,38.03,13.45,28.92,11.45,35.03,36.1
8/13/2020 13:18:33,38.01,13.44,28.92,11.45,35.03,36.1
8/13/2020 13:19:28,38.01,13.42,28.92,11.44,35.03,36.1
8/13/2020 13:20:18,37.99,13.43,28.94,11.44,35.04,36.12
8/13/2020 13:21:07,38,13.44,28.93,11.44,35.04,36.14
8/13/2020 13:22:02,37.99,13.46,28.93,11.44,35.04,36.15
8/13/2020 13:22:56,37.99,13.42,28.9,11.43,35,36.09
8/13/2020 13:23:47,37.99,13.44,28.93,11.43,35.01,36.16
8/13/2020 13:24:37,37.99,13.45,28.93,11.43,35.02,36.17
8/13/2020 13:25:34,37.97,13.44,28.92,11.44,34.99,36.08
8/13/2020 13:26:30,37.97,13.44,28.91,11.44,34.98,36.09
8/13/2020 13:27:25,37.98,13.44,28.92,11.44,34.99,36.12
8/13/2020 13:28:17,37.98,13.45,28.95,11.45,35,36.16
8/13/2020 13:29:09,37.98,13.45,28.95,11.45,35,36.14
8/13/2020 13:30:02,37.99,13.44,28.95,11.46,35,36.13
8/13/2020 13:30:53,37.99,13.45,28.95,11.46,35,36.14
8/13/2020 13:31:41,37.98,13.44,28.93,11.45,34.98,36.11
8/13/2020 13:32:34,37.95,13.42,28.91,11.44,34.94,36.05
8/13/2020 13:33:28,37.9,13.4,28.85,11.41,34.88,35.98
8/13/2020 13:34:19,37.9,13.4,28.86,11.41,34.87,36
8/13/2020 13:35:08,37.91,13.4,28.84,11.4,34.87,35.97
8/13/2020 13:36:01,37.9,13.38,28.81,11.4,34.87,35.93
8/13/2020 13:36:53,37.88,13.39,28.82,11.4,34.83,35.94
8/13/2020 13:37:42,37.88,13.38,28.81,11.39,34.83,35.96
8/13/2020 13:38:31,37.88,13.38,28.82,11.38,34.83,35.98
8/13/2020 13:39:25,37.89,13.39,28.84,11.39,34.87,36.02
8/13/2020 13:40:16,37.89,13.38,28.83,11.4,34.87,35.98
8/13/2020 13:41:06,37.83,13.36,28.79,11.39,34.82,35.9
8/13/2020 13:41:54,37.83,13.34,28.79,11.39,34.82,35.87
8/13/2020 13:42:46,37.82,13.34,28.76,11.38,34.77,35.85
8/13/2020 13:43:37,37.8,13.35,28.77,11.38,34.78,35.88
8/13/2020 13:44:26,37.86,13.36,28.78,11.38,34.82,35.89
8/13/2020 13:45:13,37.84,13.34,28.77,11.38,34.79,35.9
8/13/2020 13:46:03,37.86,13.34,28.77,11.38,34.8,35.9
8/13/2020 13:46:53,37.9,13.38,28.81,11.39,34.87,35.97
8/13/2020 13:47:40,37.93,13.38,28.84,11.39,34.9,35.99
8/13/2020 13:48:30,37.93,13.36,28.83,11.39,34.9,35.96
8/13/2020 13:49:21,37.92,13.35,28.82,11.39,34.86,35.92
8/13/2020 13:50:09,37.93,13.37,28.84,11.39,34.87,35.95
8/13/2020 13:50:58,37.93,13.36,28.82,11.37,34.86,35.92
8/13/2020 13:51:49,37.92,13.36,28.82,11.37,34.87,35.93
8/13/2020 13:52:38,37.91,13.36,28.81,11.37,34.86,35.92
8/13/2020 13:53:26,37.93,13.37,28.82,11.37,34.88,35.95
8/13/2020 13:54:21,37.92,13.36,28.8,11.36,34.87,35.91
8/13/2020 13:55:15,37.88,13.36,28.78,11.36,34.87,35.91
8/13/2020 13:56:06,37.88,13.37,28.81,11.37,34.88,35.94
8/13/2020 13:56:56,37.93,13.37,28.81,11.38,34.89,35.95
8/13/2020 13:57:51,37.93,13.37,28.8,11.38,34.89,35.94
8/13/2020 13:58:43,37.93,13.36,28.79,11.38,34.88,35.94
8/13/2020 13:59:35,37.93,13.36,28.8,11.38,34.88,35.96
8/13/2020 14:00:25,37.93,13.36,28.81,11.38,34.88,35.97
8/13/2020 14:01:18,37.94,13.35,28.82,11.39,34.89,36
8/13/2020 14:02:12,37.97,13.35,28.83,11.39,34.88,36.03
8/13/2020 14:02:59,37.97,13.35,28.83,11.39,34.88,36.03
8/13/2020 14:03:49,38,13.38,28.85,11.4,34.91,36.04
8/13/2020 14:04:39,38.03,13.39,28.85,11.4,34.94,36.05
8/13/2020 14:05:29,38.06,13.41,28.89,11.44,34.98,36.08
8/13/2020 14:06:16,38.08,13.41,28.89,11.44,34.98,36.06
8/13/2020 14:07:06,38.08,13.4,28.89,11.44,34.98,36.08
8/13/2020 14:07:56,38.06,13.4,28.88,11.43,34.98,36.06
8/13/2020 14:08:44,38.06,13.4,28.88,11.43,34.99,36.02
8/13/2020 14:09:33,38.06,13.38,28.85,11.42,34.95,36.02
8/13/2020 14:10:22,38.06,13.39,28.85,11.42,34.96,36.03
8/13/2020 14:11:10,38.06,13.39,28.85,11.43,34.96,36.03
8/13/2020 14:11:57,38.08,13.39,28.85,11.43,34.94,36
8/13/2020 14:12:47,38.08,13.39,28.86,11.44,34.97,36.03
8/13/2020 14:13:38,38.06,13.4,28.86,11.44,34.96,36.03
8/13/2020 14:14:24,38.05,13.4,28.85,11.43,34.93,36.01
8/13/2020 14:15:12,38.03,13.4,28.88,11.43,34.9,36.04
8/13/2020 14:17:12,38,13.38,28.84,11.42,34.86,36.01
8/13/2020 14:18:10,38,13.4,28.84,11.42,34.87,36.04
8/13/2020 14:19:00,38.03,13.4,28.87,11.42,34.89,36.05
8/13/2020 14:19:50,38.02,13.39,28.84,11.42,34.86,36.03
8/13/2020 14:20:41,38.02,13.39,28.84,11.42,34.86,36.03
8/13/2020 14:21:34,37.99,13.36,28.79,11.41,34.83,35.97
8/13/2020 14:22:21,37.99,13.36,28.79,11.41,34.83,35.97
8/13/2020 14:23:11,37.95,13.35,28.78,11.4,34.82,35.95
8/13/2020 14:24:00,37.95,13.33,28.77,11.39,34.81,35.94
8/13/2020 14:24:49,37.91,13.32,28.75,11.39,34.82,35.92
8/13/2020 14:25:36,37.91,13.32,28.75,11.39,34.82,35.92
8/13/2020 14:26:26,37.92,13.32,28.75,11.38,34.82,35.92
8/13/2020 14:27:14,37.91,13.31,28.75,11.38,34.84,35.95
8/13/2020 14:28:01,37.93,13.34,28.75,11.39,34.84,35.96
8/13/2020 14:28:50,37.89,13.31,28.7,11.37,34.74,35.84
8/13/2020 14:30:01,37.89,13.32,28.7,11.38,34.74,35.83
8/13/2020 14:30:54,37.84,13.32,28.68,11.38,34.73,35.81
8/13/2020 14:31:44,37.82,13.32,28.67,11.36,34.75,35.83
8/13/2020 14:32:49,37.73,13.3,28.64,11.35,34.69,35.74
8/13/2020 14:33:44,37.73,13.3,28.64,11.35,34.69,35.76
8/13/2020 14:34:52,37.77,13.31,28.64,11.36,34.74,35.77
8/13/2020 14:36:15,37.77,13.31,28.64,11.36,34.74,35.77
8/13/2020 14:37:33,37.69,13.27,28.56,11.32,34.64,35.66
8/13/2020 14:39:26,37.68,13.26,28.56,11.32,34.66,35.68
8/13/2020 14:41:29,37.71,13.29,28.61,11.35,34.73,35.76
8/13/2020 14:43:35,37.77,13.31,28.61,11.36,34.76,35.74
8/13/2020 14:45:54,37.78,13.33,28.64,11.35,34.78,35.79
8/13/2020 14:48:36,37.81,13.31,28.64,11.35,34.78,35.76
8/13/2020 14:51:20,37.68,13.27,28.55,11.32,34.69,35.62
8/13/2020 14:54:06,37.61,13.28,28.57,11.32,34.7,35.65
8/13/2020 14:57:00,37.73,13.32,28.63,11.35,34.8,35.72
8/13/2020 14:59:39,37.68,13.28,28.59,11.32,34.72,35.66
8/13/2020 15:02:35,37.74,13.29,28.63,11.33,34.74,35.69
8/13/2020 15:04:47,37.78,13.3,28.65,11.33,34.8,35.72
8/13/2020 15:05:52,37.76,13.29,28.62,11.33,34.78,35.72
8/13/2020 15:06:46,37.85,13.33,28.67,11.36,34.8,35.84
8/13/2020 15:07:39,37.87,13.33,28.68,11.36,34.81,35.88
8/13/2020 15:08:28,37.86,13.32,28.67,11.36,34.79,35.81
8/13/2020 15:09:20,37.84,13.34,28.7,11.37,34.82,35.86
8/13/2020 15:10:14,37.88,13.33,28.68,11.36,34.78,35.81
8/13/2020 15:11:08,37.88,13.31,28.67,11.36,34.75,35.81
8/13/2020 15:11:59,37.82,13.32,28.66,11.36,34.75,35.8
8/13/2020 15:12:52,37.81,13.31,28.67,11.36,34.74,35.78
8/13/2020 15:13:46,37.83,13.31,28.66,11.36,34.73,35.78
8/13/2020 15:14:39,37.81,13.3,28.66,11.36,34.71,35.77
8/13/2020 15:15:42,37.82,13.3,28.68,11.36,34.75,35.81
8/13/2020 15:17:15,37.86,13.32,28.7,11.37,34.76,35.87
8/13/2020 15:18:08,37.89,13.33,28.71,11.37,34.8,35.88
8/13/2020 15:19:01,37.89,13.34,28.74,11.37,34.82,35.9
8/13/2020 15:19:50,37.89,13.34,28.73,11.37,34.85,35.89
8/13/2020 15:20:43,37.92,13.35,28.75,11.39,34.86,35.94
8/13/2020 15:21:35,37.94,13.35,28.74,11.38,34.85,35.91
8/13/2020 15:22:24,37.95,13.35,28.74,11.38,34.84,35.9
8/13/2020 15:23:14,37.95,13.35,28.74,11.38,34.82,35.91
8/13/2020 15:24:09,37.96,13.36,28.77,11.4,34.85,35.96
8/13/2020 15:25:02,37.99,13.36,28.78,11.4,34.85,35.96
8/13/2020 15:25:53,37.99,13.36,28.77,11.4,34.85,35.95
8/13/2020 15:26:41,37.99,13.36,28.77,11.4,34.85,35.95
8/13/2020 15:27:35,37.98,13.33,28.71,11.38,34.82,35.82
8/13/2020 15:28:29,37.93,13.32,28.69,11.37,34.79,35.81
8/13/2020 15:29:18,37.89,13.32,28.68,11.37,34.78,35.8
8/13/2020 15:30:05,37.91,13.32,28.69,11.37,34.82,35.83
8/13/2020 15:31:02,37.9,13.3,28.66,11.36,34.78,35.74
8/13/2020 15:31:55,37.91,13.32,28.7,11.38,34.82,35.81
8/13/2020 15:32:46,37.93,13.32,28.7,11.38,34.82,35.81
8/13/2020 15:33:36,37.92,13.31,28.7,11.38,34.82,35.78
8/13/2020 15:34:28,37.92,13.32,28.7,11.38,34.82,35.78
8/13/2020 15:35:21,37.92,13.32,28.72,11.38,34.83,35.81
8/13/2020 15:36:11,37.92,13.33,28.72,11.38,34.84,35.84
8/13/2020 15:37:02,37.93,13.32,28.71,11.38,34.8,35.83
8/13/2020 15:37:55,37.93,13.32,28.7,11.38,34.78,35.8
8/13/2020 15:38:49,37.88,13.31,28.69,11.38,34.78,35.81
8/13/2020 15:39:37,37.85,13.32,28.67,11.37,34.75,35.79
8/13/2020 15:40:27,37.85,13.31,28.63,11.35,34.73,35.74
8/13/2020 15:41:21,37.79,13.32,28.66,11.35,34.74,35.78
8/13/2020 15:42:14,37.79,13.32,28.67,11.36,34.75,35.8
8/13/2020 15:43:05,37.78,13.32,28.66,11.36,34.75,35.8
8/13/2020 15:43:52,37.78,13.32,28.66,11.36,34.75,35.8
8/13/2020 15:44:45,37.77,13.31,28.67,11.35,34.75,35.79
8/13/2020 15:45:37,37.77,13.29,28.65,11.35,34.72,35.77
8/13/2020 15:46:27,37.74,13.29,28.64,11.34,34.71,35.76
8/13/2020 15:47:17,37.72,13.28,28.64,11.34,34.72,35.76
8/13/2020 15:48:11,37.71,13.28,28.65,11.33,34.7,35.77
8/13/2020 15:49:02,37.72,13.29,28.65,11.34,34.71,35.77
8/13/2020 15:49:53,37.73,13.3,28.66,11.34,34.72,35.77
8/13/2020 15:50:43,37.74,13.28,28.66,11.33,34.73,35.75
8/13/2020 15:51:37,37.8,13.29,28.67,11.34,34.76,35.78
8/13/2020 15:52:30,37.77,13.28,28.67,11.34,34.75,35.77
8/13/2020 15:53:18,37.73,13.27,28.64,11.31,34.74,35.72
8/13/2020 15:54:08,37.72,13.27,28.63,11.31,34.73,35.74
8/13/2020 15:55:01,37.73,13.28,28.67,11.32,34.73,35.8
8/13/2020 15:55:54,37.73,13.28,28.64,11.32,34.72,35.75
8/13/2020 15:56:45,37.73,13.28,28.64,11.32,34.71,35.76
8/13/2020 15:57:32,37.74,13.28,28.68,11.34,34.73,35.8
8/13/2020 15:58:25,37.76,13.29,28.68,11.34,34.74,35.79
8/13/2020 15:59:19,37.75,13.28,28.67,11.34,34.72,35.79
8/13/2020 16:00:00,37.79,13.3,28.7,11.34,34.71,35.81
8/13/2020 16:00:01,,,,,,
8/14/2020 9:30:36,37.43,13.11,28.45,11.27,34.51,35.4
8/14/2020 9:31:19,37.2,13.25,28.48,11.18,34.54,35.62
8/14/2020 9:32:06,37.43,13.29,28.55,11.3,34.57,35.9
8/14/2020 9:32:51,37.43,13.24,28.63,11.32,34.55,35.81
8/14/2020 9:33:38,37.69,13.23,28.65,11.34,34.5,35.75
8/14/2020 9:34:24,37.4,13.21,28.59,11.27,34.4,35.63
8/14/2020 9:35:09,37.46,13.28,28.69,11.31,34.49,35.76
8/14/2020 9:35:52,37.32,13.16,28.56,11.27,34.4,35.6
8/14/2020 9:36:39,37.19,13.09,28.46,11.23,34.35,35.4
8/14/2020 9:37:25,37.23,13.17,28.5,11.26,34.43,35.49
8/14/2020 9:38:11,37.23,13.18,28.52,11.24,34.44,35.48
8/14/2020 9:38:57,37.16,13.14,28.47,11.25,34.39,35.41
8/14/2020 9:39:44,37.11,13.09,28.43,11.26,34.4,35.32
8/14/2020 9:40:29,37.08,13.09,28.39,11.24,34.4,35.35
8/14/2020 9:41:16,37.03,13.1,28.41,11.25,34.41,35.37
8/14/2020 9:42:02,37.03,13.1,28.41,11.25,34.41,35.37
8/14/2020 9:42:47,37.04,13.12,28.45,11.26,34.46,35.43
8/14/2020 9:43:32,37.04,13.12,28.44,11.26,34.41,35.45
8/14/2020 9:44:19,37.04,13.12,28.46,11.24,34.42,35.5
8/14/2020 9:45:06,37.04,13.16,28.51,11.26,34.44,35.52
8/14/2020 9:45:51,37.2,13.19,28.58,11.28,34.52,35.73
8/14/2020 9:46:36,37.2,13.19,28.58,11.28,34.52,35.73
8/14/2020 9:47:24,37.05,13.13,28.48,11.24,34.39,35.5
8/14/2020 9:48:10,37,13.11,28.43,11.21,34.38,35.39
8/14/2020 9:48:57,36.99,13.14,28.48,11.23,34.4,35.45
8/14/2020 9:49:45,36.99,13.13,28.49,11.24,34.41,35.47
8/14/2020 9:50:30,36.99,13.16,28.54,11.26,34.47,35.56
8/14/2020 9:51:17,37.05,13.13,28.5,11.26,34.44,35.48
8/14/2020 9:52:06,37.04,13.13,28.46,11.25,34.42,35.46
8/14/2020 9:52:55,36.93,13.11,28.42,11.23,34.37,35.38
8/14/2020 9:53:42,36.93,13.16,28.51,11.26,34.46,35.53
8/14/2020 9:54:31,36.93,13.15,28.48,11.25,34.46,35.44
8/14/2020 9:55:20,37.16,13.18,28.54,11.25,34.54,35.58
8/14/2020 9:56:08,37.08,13.16,28.52,11.26,34.47,35.5
8/14/2020 9:56:55,36.98,13.14,28.47,11.25,34.41,35.45
8/14/2020 9:57:45,36.98,13.17,28.51,11.26,34.45,35.54
8/14/2020 9:58:35,37.05,13.14,28.48,11.26,34.4,35.49
8/14/2020 9:59:22,37.06,13.16,28.5,11.27,34.4,35.49
8/14/2020 10:00:10,37.14,13.19,28.57,11.29,34.46,35.66
8/14/2020 10:00:59,37.11,13.21,28.57,11.31,34.45,35.6
8/14/2020 10:01:50,37.23,13.25,28.63,11.32,34.54,35.74
8/14/2020 10:02:38,37.18,13.21,28.58,11.31,34.48,35.61
8/14/2020 10:03:29,37.24,13.23,28.6,11.32,34.52,35.69
8/14/2020 10:04:20,37.24,13.23,28.62,11.32,34.5,35.67
8/14/2020 10:05:08,37.19,13.23,28.57,11.33,34.49,35.63
8/14/2020 10:05:56,37.23,13.28,28.65,11.33,34.56,35.78
8/14/2020 10:06:45,37.22,13.25,28.65,11.33,34.53,35.72
8/14/2020 10:07:34,37.22,13.25,28.65,11.33,34.53,35.72
8/14/2020 10:08:21,37.17,13.23,28.63,11.32,34.51,35.67
8/14/2020 10:09:08,37.17,13.23,28.63,11.32,34.51,35.67
8/14/2020 10:09:59,37.15,13.28,28.69,11.35,34.62,35.84
8/14/2020 10:10:45,37.15,13.28,28.69,11.35,34.62,35.84
8/14/2020 10:11:31,37.36,13.26,28.69,11.36,34.59,35.8
8/14/2020 10:12:17,37.34,13.29,28.73,11.36,34.61,35.9
8/14/2020 10:13:06,37.34,13.28,28.71,11.35,34.58,35.91
8/14/2020 10:13:54,37.36,13.29,28.72,11.36,34.6,35.92
8/14/2020 10:14:42,37.36,13.23,28.69,11.34,34.62,35.79
8/14/2020 10:15:27,37.36,13.23,28.69,11.34,34.62,35.79
8/14/2020 10:16:16,37.33,13.24,28.7,11.34,34.63,35.85
8/14/2020 10:17:02,37.33,13.28,28.78,11.36,34.64,36
8/14/2020 10:17:50,37.49,13.35,28.87,11.39,34.74,36.08
8/14/2020 10:18:39,37.49,13.35,28.87,11.39,34.74,36.08
8/14/2020 10:19:28,37.55,13.39,28.92,11.42,34.75,36.13
8/14/2020 10:20:14,37.54,13.35,28.91,11.41,34.78,36.07
8/14/2020 10:21:02,37.5,13.38,28.91,11.4,34.81,36.11
8/14/2020 10:21:51,37.53,13.37,28.89,11.39,34.78,36.08
8/14/2020 10:22:37,37.53,13.37,28.89,11.39,34.77,36.05
8/14/2020 10:23:26,37.67,13.42,28.98,11.42,34.89,36.21
8/14/2020 10:24:13,37.67,13.42,28.98,11.42,34.89,36.21
8/14/2020 10:25:00,37.79,13.49,29.04,11.47,34.94,36.34
8/14/2020 10:25:46,37.79,13.49,29.04,11.47,34.94,36.34
8/14/2020 10:26:34,37.81,13.48,29.04,11.47,34.9,36.29
8/14/2020 10:27:23,37.76,13.44,28.98,11.44,34.83,36.21
8/14/2020 10:28:08,37.81,13.5,29.03,11.45,34.86,36.31
8/14/2020 10:28:56,37.85,13.48,29.02,11.45,34.85,36.39
8/14/2020 10:29:44,37.85,13.48,29.02,11.45,34.85,36.39
8/14/2020 10:30:31,37.89,13.54,29.07,11.48,34.96,36.48
8/14/2020 10:31:17,37.94,13.54,29.09,11.5,35.07,36.52
8/14/2020 10:32:08,37.88,13.47,29,11.48,35.05,36.33
8/14/2020 10:32:58,37.85,13.46,29.01,11.47,35.02,36.38
8/14/2020 10:33:43,37.85,13.46,29.01,11.47,35.02,36.38
8/14/2020 10:34:33,37.9,13.49,29.04,11.49,35.07,36.44
8/14/2020 10:35:21,37.84,13.42,28.94,11.46,34.95,36.23
8/14/2020 10:36:08,37.74,13.41,28.95,11.46,34.94,36.2
8/14/2020 10:36:54,37.74,13.41,28.95,11.46,34.94,36.2
8/14/2020 10:37:44,37.8,13.45,28.99,11.48,34.94,36.28
8/14/2020 10:38:33,37.8,13.42,28.95,11.47,34.85,36.2
8/14/2020 10:39:18,37.8,13.42,28.95,11.47,34.85,36.2
8/14/2020 10:40:08,37.67,13.41,28.93,11.45,34.83,36.2
8/14/2020 10:40:57,37.67,13.38,28.88,11.43,34.78,36.12
8/14/2020 10:41:43,37.67,13.36,28.87,11.41,34.8,36.08
8/14/2020 10:42:30,37.63,13.36,28.89,11.41,34.85,36.13
8/14/2020 10:43:18,37.61,13.34,28.84,11.41,34.8,36.07
8/14/2020 10:44:06,37.63,13.34,28.86,11.4,34.78,36.06
8/14/2020 10:44:52,37.59,13.34,28.84,11.4,34.75,36.01
8/14/2020 10:45:41,37.66,13.36,28.87,11.41,34.79,36.1
8/14/2020 10:46:32,37.66,13.36,28.87,11.41,34.78,36.12
8/14/2020 10:47:17,37.66,13.42,28.93,11.43,34.8,36.2
8/14/2020 10:48:04,37.75,13.43,28.95,11.45,34.84,36.25
8/14/2020 10:48:53,37.68,13.41,28.93,11.45,34.84,36.24
8/14/2020 10:49:41,37.77,13.41,28.91,11.45,34.85,36.21
8/14/2020 10:50:27,37.79,13.42,28.93,11.47,34.83,36.28
8/14/2020 10:51:16,37.69,13.4,28.88,11.46,34.78,36.23
8/14/2020 10:52:05,37.66,13.4,28.88,11.43,34.79,36.27
8/14/2020 10:52:51,37.64,13.38,28.84,11.44,34.76,36.18
8/14/2020 10:53:41,37.61,13.34,28.81,11.42,34.72,36.1
8/14/2020 10:54:29,37.6,13.32,28.78,11.42,34.68,36.07
8/14/2020 10:55:16,37.68,13.34,28.81,11.42,34.71,36.1
8/14/2020 10:56:03,37.72,13.37,28.86,11.41,34.76,36.18
8/14/2020 10:56:51,37.72,13.36,28.83,11.41,34.74,36.17
8/14/2020 10:57:38,37.72,13.36,28.83,11.41,34.74,36.17
8/14/2020 10:58:26,37.72,13.41,28.92,11.43,34.83,36.26
8/14/2020 10:59:14,37.68,13.42,28.9,11.43,34.8,36.29
8/14/2020 11:00:03,37.72,13.4,28.89,11.42,34.78,36.17
8/14/2020 11:00:49,37.72,13.4,28.89,11.42,34.78,36.17
8/14/2020 11:01:37,37.68,13.39,28.92,11.42,34.78,36.23
8/14/2020 11:02:26,37.68,13.4,28.91,11.42,34.81,36.23
8/14/2020 11:03:13,37.68,13.39,28.89,11.41,34.8,36.18
8/14/2020 11:04:01,37.7,13.39,28.89,11.41,34.82,36.19
8/14/2020 11:04:49,37.7,13.39,28.89,11.41,34.82,36.19
8/14/2020 11:05:38,37.65,13.37,28.85,11.41,34.8,36.1
8/14/2020 11:06:25,37.65,13.38,28.84,11.41,34.81,36.15
8/14/2020 11:07:14,37.65,13.38,28.84,11.41,34.81,36.15
8/14/2020 11:08:04,37.68,13.39,28.91,11.42,34.83,36.25
8/14/2020 11:08:51,37.68,13.39,28.91,11.42,34.83,36.25
8/14/2020 11:09:38,37.68,13.37,28.9,11.42,34.8,36.23
8/14/2020 11:10:27,37.68,13.37,28.88,11.42,34.78,36.21
8/14/2020 11:11:17,37.61,13.36,28.88,11.41,34.76,36.26
8/14/2020 11:12:05,37.65,13.34,28.84,11.41,34.73,36.19
8/14/2020 11:12:56,37.65,13.36,28.87,11.41,34.74,36.23
8/14/2020 11:13:47,37.68,13.35,28.86,11.41,34.72,36.22
8/14/2020 11:14:34,37.68,13.36,28.88,11.42,34.76,36.27
8/14/2020 11:16:05,37.68,13.34,28.86,11.41,34.74,36.24
8/14/2020 11:17:06,37.72,13.37,28.92,11.43,34.79,36.27
8/14/2020 11:17:56,37.76,13.38,28.94,11.44,34.79,36.34
8/14/2020 11:18:43,37.76,13.39,28.96,11.45,34.83,36.37
8/14/2020 11:19:37,37.9,13.45,29.03,11.48,34.91,36.47
8/14/2020 11:20:29,37.87,13.45,29.02,11.47,34.9,36.46
8/14/2020 11:21:20,37.87,13.44,29.01,11.47,34.9,36.45
8/14/2020 11:22:09,37.87,13.46,29.03,11.47,34.88,36.5
8/14/2020 11:23:02,37.83,13.42,28.99,11.46,34.86,36.45
8/14/2020 11:23:57,37.83,13.42,28.99,11.46,34.86,36.41
8/14/2020 11:24:47,37.83,13.42,28.98,11.46,34.85,36.4
8/14/2020 11:25:37,37.83,13.42,28.96,11.46,34.86,36.43
8/14/2020 11:26:30,37.83,13.4,28.97,11.46,34.86,36.43
8/14/2020 11:27:22,37.89,13.41,29.01,11.48,34.88,36.48
8/14/2020 11:28:12,37.89,13.42,28.99,11.48,34.88,36.48
8/14/2020 11:29:02,37.89,13.42,28.98,11.47,34.86,36.45
8/14/2020 11:29:54,37.89,13.4,28.96,11.46,34.86,36.39
8/14/2020 11:30:44,37.89,13.41,28.97,11.47,34.88,36.45
8/14/2020 11:31:31,37.89,13.41,28.97,11.47,34.88,36.45
8/14/2020 11:32:21,37.82,13.39,28.95,11.47,34.88,36.41
8/14/2020 11:33:09,37.8,13.37,28.94,11.44,34.85,36.39
8/14/2020 11:33:59,37.8,13.37,28.94,11.45,34.84,36.39
8/14/2020 11:34:45,37.8,13.37,28.94,11.45,34.84,36.39
8/14/2020 11:35:34,37.75,13.38,28.95,11.45,34.85,36.38
8/14/2020 11:36:24,37.76,13.36,28.94,11.45,34.84,36.33
8/14/2020 11:37:10,37.76,13.36,28.94,11.45,34.84,36.33
8/14/2020 11:37:59,37.78,13.38,28.95,11.45,34.87,36.36
8/14/2020 11:38:48,37.78,13.38,28.95,11.45,34.87,36.36
8/14/2020 11:39:36,37.8,13.4,28.99,11.48,34.91,36.43
8/14/2020 11:40:24,37.87,13.42,29.01,11.47,34.94,36.56
8/14/2020 11:41:13,37.87,13.42,29.01,11.47,34.94,36.56
8/14/2020 11:42:02,37.88,13.4,28.99,11.47,34.94,36.46
8/14/2020 11:42:48,37.88,13.4,28.99,11.46,34.93,36.48
8/14/2020 11:43:37,37.87,13.39,28.99,11.45,34.91,36.46
8/14/2020 11:44:25,37.87,13.39,28.99,11.45,34.91,36.46
8/14/2020 11:45:14,37.91,13.42,29.01,11.47,34.92,36.48
8/14/2020 11:46:02,37.91,13.41,29.01,11.47,34.95,36.45
8/14/2020 11:46:49,37.91,13.41,29.01,11.47,34.95,36.45
8/14/2020 11:47:37,37.91,13.4,28.99,11.46,34.9,36.42
8/14/2020 11:48:27,37.83,13.39,28.96,11.46,34.88,36.41
8/14/2020 11:49:14,37.82,13.38,28.96,11.44,34.85,36.38
8/14/2020 11:50:04,37.82,13.38,28.96,11.44,34.85,36.38
8/14/2020 11:50:55,37.85,13.4,28.99,11.46,34.9,36.45
8/14/2020 11:51:43,37.85,13.4,28.99,11.46,34.9,36.45
8/14/2020 11:52:31,37.85,13.39,28.99,11.46,34.89,36.42
8/14/2020 11:53:24,37.86,13.39,28.98,11.46,34.86,36.4
8/14/2020 11:54:16,37.85,13.38,28.98,11.46,34.86,36.4
8/14/2020 11:55:05,37.79,13.36,28.95,11.44,34.85,36.32
8/14/2020 11:55:54,37.79,13.36,28.95,11.44,34.84,36.3
8/14/2020 11:56:46,37.76,13.38,28.97,11.45,34.85,36.35
8/14/2020 11:57:39,37.76,13.37,28.97,11.45,34.86,36.33
8/14/2020 11:58:29,37.76,13.37,28.98,11.45,34.88,36.34
8/14/2020 11:59:17,37.81,13.38,29,11.46,34.9,36.38
8/14/2020 12:00:13,37.85,13.4,29.01,11.47,34.92,36.39
8/14/2020 12:01:05,37.84,13.4,29.02,11.47,34.92,36.41
8/14/2020 12:01:58,37.88,13.4,29.06,11.47,34.97,36.43
8/14/2020 12:02:49,37.86,13.4,29.04,11.47,34.96,36.38
8/14/2020 12:03:42,37.86,13.4,29.07,11.48,34.96,36.41
8/14/2020 12:04:40,37.86,13.4,29.04,11.48,34.94,36.4
8/14/2020 12:05:32,37.85,13.4,29.02,11.47,34.93,36.38
8/14/2020 12:06:29,37.85,13.38,29.01,11.47,34.92,36.34
8/14/2020 12:07:28,37.78,13.34,28.96,11.45,34.87,36.26
8/14/2020 12:08:25,37.78,13.34,28.96,11.46,34.85,36.26
8/14/2020 12:09:17,37.81,13.35,28.96,11.46,34.86,36.22
8/14/2020 12:10:14,37.81,13.35,28.98,11.46,34.86,36.23
8/14/2020 12:11:13,37.82,13.35,28.97,11.47,34.84,36.25
8/14/2020 12:12:03,37.82,13.33,28.94,11.45,34.83,36.17
8/14/2020 12:12:59,37.78,13.35,28.95,11.46,34.86,36.22
8/14/2020 12:13:56,37.78,13.34,28.95,11.46,34.87,36.19
8/14/2020 12:14:53,37.78,13.34,28.95,11.46,34.87,36.19
8/14/2020 12:16:14,37.78,13.34,28.95,11.46,34.86,36.17
8/14/2020 12:17:07,37.8,13.35,28.97,11.48,34.91,36.24
8/14/2020 12:17:56,37.87,13.37,29.02,11.49,34.91,36.27
8/14/2020 12:18:54,37.85,13.37,29,11.49,34.9,36.25
8/14/2020 12:19:45,37.85,13.36,29,11.48,34.9,36.27
8/14/2020 12:20:37,37.85,13.36,29.01,11.48,34.9,36.27
8/14/2020 12:21:31,37.85,13.36,29.02,11.48,34.9,36.27
8/14/2020 12:22:18,37.85,13.37,29.02,11.48,34.9,36.28
8/14/2020 12:23:11,37.75,13.35,28.98,11.48,34.84,36.24
8/14/2020 12:24:10,37.73,13.33,28.96,11.46,34.81,36.17
8/14/2020 12:25:03,37.73,13.33,28.98,11.46,34.82,36.19
8/14/2020 12:25:57,37.75,13.33,28.96,11.46,34.79,36.18
8/14/2020 12:26:48,37.79,13.34,28.97,11.46,34.81,36.2
8/14/2020 12:27:46,37.79,13.33,28.97,11.47,34.82,36.19
8/14/2020 12:28:49,37.79,13.33,28.98,11.47,34.82,36.2
8/14/2020 12:29:50,37.77,13.33,28.97,11.46,34.82,36.19
8/14/2020 12:30:52,37.75,13.32,28.95,11.46,34.8,36.17
8/14/2020 12:32:00,37.7,13.28,28.91,11.45,34.78,36.1
8/14/2020 12:33:09,37.71,13.28,28.91,11.44,34.79,36.09
8/14/2020 12:34:20,37.69,13.27,28.9,11.44,34.78,36.06
8/14/2020 12:35:43,37.73,13.29,28.93,11.44,34.81,36.15
8/14/2020 12:37:04,37.72,13.29,28.92,11.44,34.82,36.1
8/14/2020 12:38:29,37.72,13.27,28.91,11.44,34.81,36.06
8/14/2020 12:39:53,37.68,13.25,28.88,11.43,34.8,36.04
8/14/2020 12:41:36,37.66,13.25,28.87,11.42,34.78,35.98
8/14/2020 12:43:36,37.55,13.23,28.81,11.4,34.73,35.93
8/14/2020 12:45:27,37.56,13.22,28.84,11.39,34.72,35.94
8/14/2020 12:47:36,37.58,13.22,28.82,11.39,34.73,35.9
8/14/2020 12:49:35,37.58,13.24,28.81,11.39,34.72,35.89
8/14/2020 12:51:41,37.56,13.24,28.78,11.39,34.71,35.87
8/14/2020 12:54:05,37.57,13.22,28.81,11.39,34.7,35.9
8/14/2020 12:56:12,37.5,13.22,28.8,11.39,34.67,35.87
8/14/2020 12:58:06,37.45,13.22,28.79,11.37,34.65,35.84
8/14/2020 13:00:08,37.46,13.22,28.8,11.38,34.66,35.86
8/14/2020 13:02:26,37.51,13.23,28.82,11.39,34.68,35.9
8/14/2020 13:04:47,37.6,13.26,28.89,11.42,34.78,36.03
8/14/2020 13:06:42,37.64,13.26,28.87,11.42,34.78,36.01
8/14/2020 13:08:56,37.63,13.27,28.88,11.42,34.77,36.01
8/14/2020 13:11:23,37.71,13.3,28.95,11.44,34.83,36.16
8/14/2020 13:13:43,37.65,13.28,28.91,11.44,34.78,36.06
8/14/2020 13:17:08,37.62,13.26,28.9,11.43,34.74,36.05
8/14/2020 13:19:03,37.61,13.26,28.88,11.43,34.75,36.02
8/14/2020 13:20:11,37.55,13.24,28.85,11.4,34.7,35.99
8/14/2020 13:21:07,37.5,13.22,28.81,11.4,34.66,35.91
8/14/2020 13:22:02,37.5,13.23,28.82,11.4,34.67,35.91
8/14/2020 13:22:58,37.5,13.25,28.84,11.4,34.7,35.95
8/14/2020 13:23:59,37.56,13.25,28.86,11.41,34.73,36
8/14/2020 13:24:49,37.56,13.25,28.86,11.41,34.73,36
8/14/2020 13:25:39,37.56,13.25,28.84,11.41,34.74,35.98
8/14/2020 13:26:34,37.6,13.26,28.86,11.42,34.74,35.95
8/14/2020 13:27:28,37.6,13.26,28.86,11.42,34.76,36
8/14/2020 13:28:19,37.6,13.28,28.91,11.44,34.78,36.04
8/14/2020 13:29:10,37.68,13.27,28.9,11.44,34.8,36.03
8/14/2020 13:30:04,37.68,13.27,28.9,11.44,34.79,36.05
8/14/2020 13:31:04,37.68,13.27,28.9,11.44,34.78,36.06
8/14/2020 13:31:57,37.73,13.29,28.91,11.44,34.8,36.12
8/14/2020 13:32:48,37.72,13.29,28.91,11.44,34.8,36.11
8/14/2020 13:33:40,37.75,13.29,28.92,11.45,34.83,36.16
8/14/2020 13:34:33,37.77,13.29,28.94,11.47,34.84,36.17
8/14/2020 13:35:28,37.77,13.29,28.94,11.47,34.84,36.17
8/14/2020 13:36:19,37.79,13.3,28.95,11.47,34.85,36.17
8/14/2020 13:37:06,37.79,13.3,28.95,11.47,34.85,36.17
8/14/2020 13:37:56,37.77,13.3,28.96,11.47,34.85,36.18
8/14/2020 13:38:48,37.77,13.32,29,11.49,34.89,36.27
8/14/2020 13:39:35,37.77,13.32,29,11.49,34.89,36.27
8/14/2020 13:40:24,37.76,13.31,28.98,11.48,34.88,36.21
8/14/2020 13:41:13,37.79,13.32,29,11.48,34.88,36.2
8/14/2020 13:42:03,37.81,13.33,29.03,11.49,34.9,36.25
8/14/2020 13:42:50,37.81,13.36,29.06,11.5,34.95,36.31
8/14/2020 13:43:41,37.81,13.36,29.05,11.5,34.93,36.33
8/14/2020 13:44:31,37.88,13.34,29.04,11.51,34.92,36.3
8/14/2020 13:45:19,37.88,13.34,29.04,11.51,34.92,36.3
8/14/2020 13:46:07,37.88,13.32,29.05,11.5,34.93,36.26
8/14/2020 13:46:57,37.87,13.34,29.06,11.5,34.94,36.28
8/14/2020 13:47:47,37.89,13.33,29.06,11.5,34.94,36.28
8/14/2020 13:48:34,37.9,13.34,29.08,11.5,34.96,36.3
8/14/2020 13:49:25,37.94,13.35,29.1,11.51,34.98,36.32
8/14/2020 13:50:17,37.93,13.35,29.08,11.51,34.98,36.3
8/14/2020 13:51:04,37.93,13.35,29.08,11.51,34.98,36.3
8/14/2020 13:51:52,37.93,13.36,29.09,11.51,34.99,36.31
8/14/2020 13:52:42,37.93,13.36,29.11,11.52,35.01,36.36
8/14/2020 13:53:34,38.04,13.41,29.18,11.53,35.07,36.45
8/14/2020 13:54:20,38.04,13.41,29.18,11.53,35.07,36.45
8/14/2020 13:55:09,38.02,13.41,29.17,11.53,35.05,36.41
8/14/2020 13:55:59,38.02,13.4,29.17,11.54,35.07,36.42
8/14/2020 13:56:47,37.98,13.38,29.14,11.54,35.03,36.37
8/14/2020 13:57:37,37.98,13.38,29.11,11.53,35.03,36.37
8/14/2020 13:58:29,37.98,13.38,29.11,11.53,35.03,36.37
8/14/2020 13:59:19,37.99,13.37,29.1,11.54,35.01,36.31
8/14/2020 14:00:07,37.99,13.37,29.1,11.54,35.01,36.31
8/14/2020 14:00:58,37.95,13.35,29.06,11.5,34.95,36.27
8/14/2020 14:01:48,37.91,13.35,29.07,11.5,34.94,36.26
8/14/2020 14:02:39,37.91,13.34,29.06,11.5,34.93,36.24
8/14/2020 14:03:25,37.9,13.35,29.06,11.5,34.94,36.29
8/14/2020 14:04:17,37.96,13.37,29.07,11.51,34.94,36.29
8/14/2020 14:05:06,37.96,13.37,29.07,11.51,34.94,36.29
8/14/2020 14:05:54,37.96,13.37,29.06,11.51,34.93,36.3
8/14/2020 14:06:42,37.91,13.35,29.04,11.51,34.91,36.26
8/14/2020 14:07:33,37.89,13.35,29.02,11.51,34.94,36.23
8/14/2020 14:08:23,37.88,13.34,29.02,11.51,34.93,36.22
8/14/2020 14:09:11,37.85,13.34,29.03,11.51,34.91,36.2
8/14/2020 14:10:00,37.8,13.33,29.02,11.5,34.91,36.21
8/14/2020 14:10:50,37.8,13.33,29.02,11.5,34.91,36.21
8/14/2020 14:11:40,37.8,13.33,29.01,11.51,34.9,36.2
8/14/2020 14:12:27,37.82,13.32,28.99,11.5,34.88,36.15
8/14/2020 14:13:16,37.82,13.33,29.01,11.5,34.9,36.19
8/14/2020 14:14:05,37.82,13.32,29.01,11.49,34.89,36.18
8/14/2020 14:14:52,37.82,13.3,29,11.49,34.87,36.16
8/14/2020 14:16:18,37.83,13.32,29.03,11.49,34.88,36.2
8/14/2020 14:17:09,37.85,13.32,29.03,11.49,34.87,36.2
8/14/2020 14:18:00,37.85,13.31,29.02,11.49,34.86,36.18
8/14/2020 14:18:50,37.85,13.31,29.01,11.49,34.86,36.15
8/14/2020 14:19:41,37.85,13.31,29.01,11.49,34.86,36.15
8/14/2020 14:20:32,37.81,13.31,29.02,11.49,34.86,36.17
8/14/2020 14:21:18,37.84,13.31,29.04,11.49,34.86,36.17
8/14/2020 14:22:08,37.85,13.32,29.03,11.49,34.85,36.15
8/14/2020 14:23:00,37.85,13.32,29.03,11.49,34.85,36.15
8/14/2020 14:23:52,37.81,13.3,29.01,11.48,34.83,36.12
8/14/2020 14:24:39,37.79,13.3,29.01,11.48,34.83,36.12
8/14/2020 14:25:29,37.79,13.3,29.01,11.48,34.83,36.12
8/14/2020 14:26:19,37.79,13.3,29.01,11.48,34.84,36.13
8/14/2020 14:27:15,37.8,13.32,29.02,11.48,34.86,36.15
8/14/2020 14:28:02,37.8,13.32,29.01,11.48,34.86,36.16
8/14/2020 14:28:51,37.79,13.32,29,11.48,34.85,36.14
8/14/2020 14:29:40,37.79,13.32,29,11.48,34.85,36.14
8/14/2020 14:30:30,37.79,13.31,28.99,11.48,34.85,36.13
8/14/2020 14:31:19,37.77,13.3,28.98,11.48,34.82,36.1
8/14/2020 14:32:15,37.82,13.32,29,11.48,34.86,36.14
8/14/2020 14:33:20,37.82,13.32,29,11.48,34.86,36.14
8/14/2020 14:34:28,37.81,13.32,28.98,11.48,34.85,36.13
8/14/2020 14:35:45,37.81,13.34,28.99,11.48,34.84,36.13
8/14/2020 14:37:23,37.78,13.32,28.97,11.48,34.82,36.1
8/14/2020 14:39:23,37.77,13.32,28.97,11.49,34.8,36.09
8/14/2020 14:41:23,37.77,13.31,28.98,11.48,34.85,36.11
8/14/2020 14:43:32,37.71,13.29,28.95,11.49,34.84,36.09
8/14/2020 14:46:12,37.65,13.26,28.89,11.48,34.79,36.01
8/14/2020 14:48:45,37.66,13.26,28.89,11.46,34.79,36
8/14/2020 14:51:30,37.71,13.29,28.94,11.48,34.86,36.07
8/14/2020 14:54:46,37.73,13.28,28.92,11.47,34.86,36.07
8/14/2020 14:57:36,37.71,13.28,28.95,11.48,34.86,36.15
8/14/2020 15:00:15,37.75,13.28,28.96,11.48,34.88,36.15
8/14/2020 15:02:47,37.75,13.27,28.92,11.48,34.86,36.13
8/14/2020 15:05:07,37.76,13.28,28.94,11.48,34.87,36.08
8/14/2020 15:07:31,37.77,13.28,28.94,11.48,34.86,36.14
8/14/2020 15:09:20,37.76,13.26,28.93,11.48,34.86,36.12
8/14/2020 15:10:11,37.76,13.27,28.92,11.48,34.86,36.1
8/14/2020 15:11:07,37.68,13.26,28.9,11.47,34.83,36.09
8/14/2020 15:11:58,37.68,13.26,28.9,11.47,34.83,36.09
8/14/2020 15:12:49,37.68,13.26,28.89,11.46,34.82,36.06
8/14/2020 15:13:37,37.63,13.26,28.88,11.46,34.82,36.07
8/14/2020 15:14:29,37.64,13.25,28.88,11.46,34.81,36.06
8/14/2020 15:15:21,37.63,13.25,28.88,11.45,34.8,36.04
8/14/2020 15:17:18,37.64,13.25,28.86,11.45,34.78,36.03
8/14/2020 15:18:09,37.68,13.26,28.87,11.45,34.81,36.07
8/14/2020 15:19:03,37.66,13.26,28.88,11.44,34.82,36.07
8/14/2020 15:19:57,37.66,13.26,28.86,11.44,34.79,36.08
8/14/2020 15:20:52,37.69,13.26,28.88,11.44,34.8,36.1
8/14/2020 15:21:44,37.7,13.27,28.89,11.45,34.81,36.11
8/14/2020 15:22:34,37.69,13.27,28.87,11.45,34.8,36.12
8/14/2020 15:23:25,37.67,13.28,28.89,11.45,34.81,36.12
8/14/2020 15:24:19,37.63,13.26,28.87,11.45,34.78,36.1
8/14/2020 15:25:10,37.63,13.26,28.87,11.45,34.78,36.09
8/14/2020 15:26:00,37.64,13.26,28.86,11.44,34.78,36.11
8/14/2020 15:26:53,37.62,13.26,28.86,11.44,34.75,36.09
8/14/2020 15:27:44,37.62,13.26,28.86,11.44,34.75,36.09
8/14/2020 15:28:32,37.68,13.28,28.9,11.45,34.79,36.15
8/14/2020 15:29:20,37.68,13.28,28.9,11.45,34.8,36.14
8/14/2020 15:30:10,37.67,13.28,28.9,11.45,34.81,36.16
8/14/2020 15:31:02,37.66,13.28,28.89,11.46,34.81,36.15
8/14/2020 15:31:49,37.66,13.28,28.88,11.45,34.82,36.14
8/14/2020 15:32:39,37.74,13.32,28.93,11.47,34.84,36.27
8/14/2020 15:33:29,37.7,13.32,28.92,11.46,34.82,36.25
8/14/2020 15:34:20,37.73,13.32,28.94,11.48,34.82,36.29
8/14/2020 15:35:08,37.73,13.32,28.94,11.48,34.82,36.29
8/14/2020 15:36:01,37.69,13.32,28.92,11.46,34.81,36.23
8/14/2020 15:36:52,37.66,13.31,28.89,11.46,34.79,36.2
8/14/2020 15:37:41,37.66,13.3,28.89,11.46,34.78,36.19
8/14/2020 15:38:29,37.68,13.31,28.89,11.45,34.78,36.18
8/14/2020 15:39:19,37.67,13.31,28.9,11.46,34.79,36.18
8/14/2020 15:40:10,37.69,13.32,28.88,11.46,34.78,36.17
8/14/2020 15:40:57,37.69,13.32,28.88,11.46,34.78,36.17
8/14/2020 15:41:49,37.65,13.32,28.86,11.46,34.78,36.12
8/14/2020 15:42:40,37.65,13.32,28.86,11.46,34.77,36.13
8/14/2020 15:43:28,37.66,13.32,28.85,11.46,34.79,36.12
8/14/2020 15:44:18,37.77,13.33,28.9,11.47,34.86,36.2
8/14/2020 15:45:09,37.76,13.34,28.9,11.46,34.87,36.16
8/14/2020 15:46:00,37.76,13.34,28.9,11.46,34.87,36.16
8/14/2020 15:46:49,37.72,13.32,28.88,11.46,34.82,36.14
8/14/2020 15:47:38,37.69,13.32,28.86,11.46,34.82,36.11
8/14/2020 15:48:28,37.69,13.32,28.86,11.46,34.8,36.1
8/14/2020 15:49:17,37.65,13.31,28.85,11.45,34.77,36.03
8/14/2020 15:50:03,37.65,13.31,28.85,11.45,34.77,36.03
8/14/2020 15:50:55,37.57,13.28,28.82,11.42,34.74,36.01
8/14/2020 15:51:46,37.59,13.29,28.86,11.44,34.76,36.03
8/14/2020 15:52:33,37.59,13.29,28.87,11.44,34.77,36.03
8/14/2020 15:53:20,37.59,13.29,28.87,11.44,34.77,36.03
8/14/2020 15:54:11,37.6,13.29,28.9,11.45,34.8,36.07
8/14/2020 15:55:04,37.61,13.31,28.9,11.46,34.82,36.1
8/14/2020 15:55:51,37.66,13.3,28.93,11.46,34.83,36.12
8/14/2020 15:56:40,37.66,13.31,28.94,11.46,34.85,36.1
8/14/2020 15:57:29,37.71,13.32,28.97,11.46,34.86,36.12
8/14/2020 15:58:18,37.7,13.32,28.97,11.47,34.88,36.15
8/14/2020 15:59:05,37.72,13.32,28.98,11.48,34.88,36.16
8/14/2020 15:59:56,37.7,13.33,28.96,11.49,34.9,36.16
8/14/2020 16:00:00,37.68,13.33,28.95,11.48,34.9,36.18